time_utc,from,sender,temperature,relative_humidity,barometric_pressure,gas_resistance,iaq,lux,rssi,snr,hops_away
2026-04-20T19:04:49.583153,1130004144,!a0cb4a5c,,,,,,,-29,9.75,0
2026-04-20T19:05:14.250099,1130004144,!a0cb4a5c,31.4500007629395,54.31640625,926.019836425781,,,,-30,9.75,0
2026-04-20T19:07:49.405955,1130004144,!a0cb4a5c,,,,,,,-28,10,0
2026-04-20T19:08:14.569352,1130004144,!a0cb4a5c,31.4400005340576,54.8818359375,925.976928710938,,,,-29,7,0
2026-04-20T19:10:49.661195,1130004144,!a0cb4a5c,,,,,,,-29,9.25,0
2026-04-20T19:11:14.329975,1130004144,!a0cb4a5c,31.4799995422363,55.130859375,925.822204589844,,,,-29,10,0
2026-04-20T19:13:50.265853,1130004144,!a0cb4a5c,,,,,,,-28,7.75,0
2026-04-20T19:14:16.824590,1130004144,!a0cb4a5c,31.5400009155273,55.265625,925.913757324219,,,,-74,7.25,1
2026-04-20T19:16:49.369368,1130004144,!a0cb4a5c,,,,,,,-27,7.75,0
2026-04-20T19:17:15.115047,1130004144,!a0cb4a5c,31.6200008392334,55.03125,925.972351074219,,,,-28,9.5,0
2026-04-20T19:19:49.685834,1130004144,!a0cb4a5c,,,,,,,-27,7.5,0
2026-04-20T19:20:14.338118,1130004144,!a0cb4a5c,31.6499996185303,54.654296875,925.913879394531,,,,-28,7,0
2026-04-20T19:22:49.683084,1130004144,!a0cb4a5c,,,,,,,-28,6.5,0
2026-04-20T19:23:14.620824,1130004144,!a0cb4a5c,31.6499996185303,54.4912109375,925.766845703125,,,,-28,7,0
2026-04-20T19:25:49.715064,1130004144,!a0cb4a5c,,,,,,,-28,7,0
2026-04-20T19:26:14.522733,1130004144,!a0cb4a5c,31.6700000762939,54.3671875,925.553466796875,,,,-27,7.25,0
2026-04-20T19:28:50.343928,1130004144,!a0cb4a5c,,,,,,,-28,7.5,0
2026-04-20T19:29:14.588811,1130004144,!a0cb4a5c,31.7099990844727,54.53515625,925.446655273438,,,,-27,7.25,0
2026-04-20T19:31:49.682078,1130004144,!a0cb4a5c,,,,,,,-28,7.25,0
2026-04-20T19:32:14.510632,1130004144,!a0cb4a5c,31.7700004577637,54.1357421875,925.474609375,,,,-27,7.5,0
2026-04-20T19:34:49.615931,1130004144,!a0cb4a5c,,,,,,,-28,8.75,0
2026-04-20T19:35:14.622896,1130004144,!a0cb4a5c,31.7800006866455,53.80078125,925.370483398438,,,,-28,7.25,0
2026-04-20T19:37:49.616057,1130004144,!a0cb4a5c,,,,,,,-28,7.5,0
2026-04-20T19:38:14.784167,1130004144,!a0cb4a5c,31.7399997711182,53.76171875,925.456970214844,,,,-28,7.75,0
2026-04-20T19:40:49.776853,1130004144,!a0cb4a5c,,,,,,,-28,7.5,0
2026-04-20T19:41:14.819531,1130004144,!a0cb4a5c,31.7000007629395,53.6650390625,925.598999023438,,,,-28,7.25,0
2026-04-20T19:43:49.550866,1130004144,!a0cb4a5c,,,,,,,-27,7,0
2026-04-20T19:44:14.834728,1130004144,!a0cb4a5c,31.6800003051758,53.685546875,925.764221191406,,,,-28,7.5,0
2026-04-20T19:46:49.672297,1130004144,!a0cb4a5c,,,,,,,-28,7,0
2026-04-20T19:47:14.977471,1130004144,!a0cb4a5c,31.6800003051758,53.75390625,925.896240234375,,,,-28,7,0
2026-04-20T19:49:50.162136,1130004144,!a0cb4a5c,,,,,,,-28,7.5,0
2026-04-20T19:50:14.824015,1130004144,!a0cb4a5c,31.6599998474121,53.462890625,925.809814453125,,,,-28,7.5,0
2026-04-20T19:52:50.481450,1130004144,!a0cb4a5c,,,,,,,-28,7.25,0
2026-04-20T19:53:14.870907,1130004144,!a0cb4a5c,31.6299991607666,53.470703125,926.043579101562,,,,-27,7,0
2026-04-20T19:55:49.917337,1130004144,!a0cb4a5c,,,,,,,-27,7.25,0
2026-04-20T19:56:14.696075,1130004144,!a0cb4a5c,31.6100006103516,53.619140625,926.13232421875,,,,-28,7,0
2026-04-20T19:58:50.608799,1130004144,!a0cb4a5c,,,,,,,-27,6.75,0
2026-04-20T19:59:14.634385,1130004144,!a0cb4a5c,31.6299991607666,53.703125,926.218811035156,,,,-27,7.5,0
2026-04-20T20:01:49.755755,1130004144,!a0cb4a5c,,,,,,,-28,8,0
2026-04-20T20:02:15.454334,1130004144,!a0cb4a5c,31.6700000762939,53.2333984375,926.16796875,,,,-27,7,0
2026-04-20T20:04:49.963298,1130004144,!a0cb4a5c,,,,,,,-27,7,0
2026-04-20T20:05:14.608384,1130004144,!a0cb4a5c,31.6499996185303,53.0576171875,926.137451171875,,,,-27,9.75,0
2026-04-20T20:07:49.916328,1130004144,!a0cb4a5c,,,,,,,-26,9.25,0
2026-04-20T20:08:15.391910,1130004144,!a0cb4a5c,31.6399993896484,53.078125,926.338256835938,,,,-27,7.5,0
2026-04-20T20:10:49.928837,1130004144,!a0cb4a5c,,,,,,,-27,7.5,0
2026-04-20T20:11:14.997725,1130004144,!a0cb4a5c,31.6800003051758,53.2099609375,926.34326171875,,,,-28,7.25,0
2026-04-20T20:13:49.845933,1130004144,!a0cb4a5c,,,,,,,-27,8,0
2026-04-20T20:14:14.667756,1130004144,!a0cb4a5c,31.7099990844727,52.94921875,926.173095703125,,,,-27,7,0
2026-04-20T20:16:49.877870,1130004144,!a0cb4a5c,,,,,,,-27,6.75,0
2026-04-20T20:17:14.777517,1130004144,!a0cb4a5c,31.7399997711182,53.0439453125,926.191101074219,,,,-27,7,0
2026-04-20T20:19:50.694851,1130004144,!a0cb4a5c,,,,,,,-27,7,0
2026-04-20T20:20:15.536744,1130004144,!a0cb4a5c,31.7900009155273,53.0849609375,926.231689453125,,,,-27,7.25,0
2026-04-20T20:22:50.424567,1130004144,!a0cb4a5c,,,,,,,-26,9,0
2026-04-20T20:23:15.006305,1130004144,!a0cb4a5c,31.8600006103516,52.9765625,926.079528808594,,,,-27,7,0
2026-04-20T20:25:49.923713,1130004144,!a0cb4a5c,,,,,,,-27,7.25,0
2026-04-20T20:26:15.651929,1130004144,!a0cb4a5c,31.9200000762939,52.9140625,926.086853027344,,,,-27,7.25,0
2026-04-20T20:28:50.502735,1130004144,!a0cb4a5c,,,,,,,-27,7,0
2026-04-20T20:29:14.852480,1130004144,!a0cb4a5c,31.9799995422363,52.7705078125,926.178466796875,,,,-27,7,0
2026-04-20T20:31:50.619003,1130004144,!a0cb4a5c,,,,,,,-27,10,0
2026-04-20T20:32:15.011085,1130004144,!a0cb4a5c,32.0400009155273,52.77734375,926.297973632812,,,,-28,7,0
2026-04-20T20:34:50.645196,1130004144,!a0cb4a5c,,,,,,,-27,7.25,0
2026-04-20T20:35:15.341429,1130004144,!a0cb4a5c,32.1100006103516,52.61328125,926.636169433594,,,,-27,7,0
2026-04-20T20:37:49.778382,1130004144,!a0cb4a5c,,,,,,,-28,7.75,0
2026-04-20T20:38:14.950752,1130004144,!a0cb4a5c,32.1599998474121,52.33984375,926.992004394531,,,,-28,7.75,0
2026-04-20T20:40:49.838975,1130004144,!a0cb4a5c,,,,,,,-27,9.75,0
2026-04-20T20:41:15.159046,1130004144,!a0cb4a5c,32.189998626709,52.1689453125,927.22607421875,,,,-27,7.5,0
2026-04-20T20:43:50.141062,1130004144,!a0cb4a5c,,,,,,,-27,7.25,0
2026-04-20T20:44:15.055364,1130004144,!a0cb4a5c,32.2099990844727,52.1943359375,927.312683105469,,,,-27,6.75,0
2026-04-20T20:46:50.735374,1130004144,!a0cb4a5c,,,,,,,-26,9.5,0
2026-04-20T20:47:15.984817,1130004144,!a0cb4a5c,32.2099990844727,51.974609375,927.340637207031,,,,-27,7.25,0
2026-04-20T20:49:49.979215,1130004144,!a0cb4a5c,,,,,,,-27,7,0
2026-04-20T20:50:14.895509,1130004144,!a0cb4a5c,32.1599998474121,51.841796875,927.32763671875,,,,-27,7,0
2026-04-20T20:52:49.994267,1130004144,!a0cb4a5c,,,,,,,-27,7.5,0
2026-04-20T20:53:14.896494,1130004144,!a0cb4a5c,32.1300010681152,51.908203125,927.198120117188,,,,-27,6.75,0
2026-04-20T20:55:50.008690,1130004144,!a0cb4a5c,,,,,,,-26,9.75,0
2026-04-20T20:56:15.215261,1130004144,!a0cb4a5c,32.1199989318848,51.98828125,927.070861816406,,,,-27,7,0
2026-04-20T20:58:50.848531,1130004144,!a0cb4a5c,,,,,,,-27,8,0
2026-04-20T20:59:15.169111,1130004144,!a0cb4a5c,32.0999984741211,51.8701171875,926.956420898438,,,,-27,8.25,0
2026-04-20T21:01:50.157816,1130004144,!a0cb4a5c,,,,,,,-28,7,0
2026-04-20T21:02:15.138964,1130004144,!a0cb4a5c,32.0499992370605,51.7841796875,926.824157714844,,,,-27,9.5,0
2026-04-20T21:04:51.131066,1130004144,!a0cb4a5c,,,,,,,-27,7.25,0
2026-04-20T21:05:15.202962,1130004144,!a0cb4a5c,32.0200004577637,51.779296875,926.862060546875,,,,-27,7,0
2026-04-20T21:07:50.163879,1130004144,!a0cb4a5c,,,,,,,-27,6.75,0
2026-04-20T21:08:15.283750,1130004144,!a0cb4a5c,31.9699993133545,51.7265625,926.981384277344,,,,-27,7,0
2026-04-20T21:10:50.154140,1130004144,!a0cb4a5c,,,,,,,-28,7,0
2026-04-20T21:11:15.017391,1130004144,!a0cb4a5c,31.8999996185303,51.71875,927.034851074219,,,,-28,7.25,0
2026-04-20T21:13:50.119883,1130004144,!a0cb4a5c,,,,,,,-28,7,0
2026-04-20T21:14:15.353897,1130004144,!a0cb4a5c,31.8299999237061,51.861328125,927.123413085938,,,,-27,7,0
2026-04-20T21:16:50.637891,1130004144,!a0cb4a5c,,,,,,,-27,7.5,0
2026-04-20T21:17:15.902222,1130004144,!a0cb4a5c,31.7800006866455,52.029296875,927.21484375,,,,-27,9.5,0
2026-04-20T21:19:50.416205,1130004144,!a0cb4a5c,,,,,,,-27,7.5,0
2026-04-20T21:20:15.148302,1130004144,!a0cb4a5c,31.75,52.1318359375,927.323913574219,,,,-27,7,0
2026-04-20T21:22:50.120360,1130004144,!a0cb4a5c,,,,,,,-28,7,0
2026-04-20T21:23:15.261178,1130004144,!a0cb4a5c,31.75,52.26953125,927.316467285156,,,,-27,7.25,0
2026-04-20T21:25:50.331855,1130004144,!a0cb4a5c,,,,,,,-27,7,0
2026-04-20T21:26:15.134179,1130004144,!a0cb4a5c,31.75,52.3740234375,927.28857421875,,,,-28,7,0
2026-04-20T21:28:50.384420,1130004144,!a0cb4a5c,,,,,,,-27,7.25,0
2026-04-20T21:29:15.360227,1130004144,!a0cb4a5c,31.7600002288818,52.36328125,927.275634765625,,,,-27,7.25,0
2026-04-20T21:31:50.420786,1130004144,!a0cb4a5c,,,,,,,-27,6.75,0
2026-04-20T21:32:15.645187,1130004144,!a0cb4a5c,31.75,52.408203125,927.344360351562,,,,-26,9.5,0
2026-04-20T21:34:50.086104,1130004144,!a0cb4a5c,,,,,,,-27,9.25,0
2026-04-20T21:35:15.474162,1130004144,!a0cb4a5c,31.7199993133545,52.3818359375,927.613464355469,,,,-27,7.25,0
2026-04-20T21:37:50.871339,1130004144,!a0cb4a5c,,,,,,,-27,9.25,0
2026-04-20T21:38:15.174098,1130004144,!a0cb4a5c,31.7000007629395,52.4599609375,928.106323242188,,,,-27,9.5,0
2026-04-20T21:40:51.196618,1130004144,!a0cb4a5c,,,,,,,-27,7.25,0
2026-04-20T21:41:15.509694,1130004144,!a0cb4a5c,31.6599998474121,52.1787109375,928.555541992188,,,,-27,7,0
2026-04-20T21:43:50.772732,1130004144,!a0cb4a5c,,,,,,,-27,6.75,0
2026-04-20T21:44:15.480823,1130004144,!a0cb4a5c,31.5499992370605,52.3037109375,928.463439941406,,,,-27,8,0
2026-04-20T21:46:50.735727,1130004144,!a0cb4a5c,,,,,,,-27,7,0
2026-04-20T21:47:15.402371,1130004144,!a0cb4a5c,31.4699993133545,52.4697265625,928.432373046875,,,,-27,7.25,0
2026-04-20T21:49:50.456291,1130004144,!a0cb4a5c,,,,,,,-27,9.75,0
2026-04-20T21:50:15.477213,1130004144,!a0cb4a5c,31.3899993896484,52.5400390625,928.38623046875,,,,-27,7.5,0
2026-04-20T21:52:50.857808,1130004144,!a0cb4a5c,,,,,,,-27,7.25,0
2026-04-20T21:53:15.367550,1130004144,!a0cb4a5c,31.3099994659424,52.474609375,928.36279296875,,,,-27,7.75,0
2026-04-20T21:55:51.029580,1130004144,!a0cb4a5c,,,,,,,-27,7.25,0
2026-04-20T21:56:15.321265,1130004144,!a0cb4a5c,31.2600002288818,52.5263671875,928.278686523438,,,,-27,9.25,0
2026-04-20T21:58:50.874927,1130004144,!a0cb4a5c,,,,,,,-27,7.25,0
2026-04-20T21:59:15.328138,1130004144,!a0cb4a5c,31.2000007629395,52.42578125,928.075134277344,,,,-27,10,0
2026-04-20T22:01:51.131632,1130004144,!a0cb4a5c,,,,,,,-27,9.5,0
2026-04-20T22:02:15.300943,1130004144,!a0cb4a5c,31.1399993896484,52.6044921875,927.816101074219,,,,-27,7,0
2026-04-20T22:04:50.548565,1130004144,!a0cb4a5c,,,,,,,-27,7,0
2026-04-20T22:05:15.640326,1130004144,!a0cb4a5c,31.1000003814697,52.7841796875,927.531433105469,,,,-27,7.75,0
2026-04-20T22:07:50.561995,1130004144,!a0cb4a5c,,,,,,,-27,8.25,0
2026-04-20T22:08:15.533702,1130004144,!a0cb4a5c,31.0900001525879,52.921875,927.293029785156,,,,-27,7,0
2026-04-20T22:10:51.114202,1130004144,!a0cb4a5c,,,,,,,-27,7.5,0
2026-04-20T22:11:15.753800,1130004144,!a0cb4a5c,31.0699996948242,52.919921875,927.27001953125,,,,-27,7,0
2026-04-20T22:13:57.942452,1130004144,!a0cb4a5c,,,,,,,-74,7.25,1
2026-04-20T22:14:15.762302,1130004144,!a0cb4a5c,31.0599994659424,52.931640625,927.254699707031,,,,-27,7.25,0
2026-04-20T22:16:51.141358,1130004144,!a0cb4a5c,,,,,,,-27,7.25,0
2026-04-20T22:17:15.663286,1130004144,!a0cb4a5c,31.0499992370605,53.0439453125,927.287475585938,,,,-26,10,0
2026-04-20T22:19:50.430872,1130004144,!a0cb4a5c,,,,,,,-27,7,0
2026-04-20T22:20:15.448455,1130004144,!a0cb4a5c,31.0200004577637,52.8916015625,927.29736328125,,,,-26,8.75,0
2026-04-20T22:22:50.637980,1130004144,!a0cb4a5c,,,,,,,-27,7,0
2026-04-20T22:23:15.537800,1130004144,!a0cb4a5c,30.9699993133545,52.931640625,927.33251953125,,,,-28,7,0
2026-04-20T22:25:50.556962,1130004144,!a0cb4a5c,,,,,,,-27,6.75,0
2026-04-20T22:26:15.771316,1130004144,!a0cb4a5c,30.9099998474121,53.0517578125,927.164672851562,,,,-27,7,0
2026-04-20T22:28:50.384372,1130004144,!a0cb4a5c,,,,,,,-27,7,0
2026-04-20T22:29:22.053674,1130004144,!a0cb4a5c,30.8700008392334,53.1513671875,927.103698730469,,,,-73,7,1
2026-04-20T22:31:50.654693,1130004144,!a0cb4a5c,,,,,,,-27,9.75,0
2026-04-20T22:32:15.663961,1130004144,!a0cb4a5c,30.8299999237061,53.28515625,927.126220703125,,,,-27,7,0
2026-04-20T22:34:51.487280,1130004144,!a0cb4a5c,,,,,,,-27,9.5,0
2026-04-20T22:35:16.526503,1130004144,!a0cb4a5c,30.8199996948242,53.4111328125,927.007019042969,,,,-26,9.75,0
2026-04-20T22:37:50.976209,1130004144,!a0cb4a5c,,,,,,,-27,7.25,0
2026-04-20T22:38:15.931774,1130004144,!a0cb4a5c,30.8099994659424,53.48046875,927.103271484375,,,,-27,8,0
2026-04-20T22:40:51.163829,1130004144,!a0cb4a5c,,,,,,,-26,9.75,0
2026-04-20T22:41:15.667000,1130004144,!a0cb4a5c,30.7900009155273,53.3505859375,926.960998535156,,,,-27,7.5,0
2026-04-20T22:43:51.244957,1130004144,!a0cb4a5c,,,,,,,-27,7.25,0
2026-04-20T22:44:15.636852,1130004144,!a0cb4a5c,30.7199993133545,53.388671875,927.077392578125,,,,-28,7.5,0
2026-04-20T22:46:51.307009,1130004144,!a0cb4a5c,,,,,,,-27,6.75,0
2026-04-20T22:47:16.598641,1130004144,!a0cb4a5c,30.6800003051758,53.41796875,927.657653808594,,,,-27,9,0
2026-04-20T22:49:54.168542,1130004144,!a0cb4a5c,,,,,,,-73,7.5,1
2026-04-20T22:50:15.976973,1130004144,!a0cb4a5c,30.6000003814697,53.4326171875,927.84228515625,,,,-27,7.5,0
2026-04-20T22:52:50.511541,1130004144,!a0cb4a5c,,,,,,,-27,7,0
2026-04-20T22:53:15.655664,1130004144,!a0cb4a5c,30.5400009155273,53.5966796875,927.93798828125,,,,-28,7.5,0
2026-04-20T22:55:50.620670,1130004144,!a0cb4a5c,,,,,,,-28,7.75,0
2026-04-20T22:56:15.898078,1130004144,!a0cb4a5c,30.5,53.6513671875,927.800842285156,,,,-28,7.25,0
2026-04-20T22:58:50.683516,1130004144,!a0cb4a5c,,,,,,,-27,8.75,0
2026-04-20T22:59:15.688812,1130004144,!a0cb4a5c,30.4699993133545,53.7177734375,927.874084472656,,,,-27,7.25,0
2026-04-20T23:01:50.763597,1130004144,!a0cb4a5c,,,,,,,-27,7,0
2026-04-20T23:02:15.987958,1130004144,!a0cb4a5c,30.4599990844727,53.6689453125,927.942626953125,,,,-27,7,0
2026-04-20T23:04:50.810542,1130004144,!a0cb4a5c,,,,,,,-27,7.25,0
2026-04-20T23:05:18.273724,1130004144,!a0cb4a5c,30.4599990844727,53.7958984375,928.074035644531,,,,-73,8,1
2026-04-20T23:07:51.264822,1130004144,!a0cb4a5c,,,,,,,-27,7,0
2026-04-20T23:08:15.767362,1130004144,!a0cb4a5c,30.4599990844727,53.75,928.352966308594,,,,-27,7,0
2026-04-20T23:10:51.482879,1130004144,!a0cb4a5c,,,,,,,-31,7.25,0
2026-04-20T23:11:15.769116,1130004144,!a0cb4a5c,30.4500007629395,53.876953125,928.624084472656,,,,-30,8.25,0
2026-04-20T23:13:51.771234,1130004144,!a0cb4a5c,,,,,,,-30,7.5,0
2026-04-20T23:14:16.024439,1130004144,!a0cb4a5c,30.4599990844727,54.0732421875,928.751403808594,,,,-30,7.25,0
2026-04-20T23:16:50.774285,1130004144,!a0cb4a5c,,,,,,,-30,7.25,0
2026-04-20T23:17:15.804280,1130004144,!a0cb4a5c,30.3999996185303,54.1591796875,928.519714355469,,,,-30,7.5,0
2026-04-20T23:19:50.792852,1130004144,!a0cb4a5c,,,,,,,-27,7.5,0
2026-04-20T23:20:16.003941,1130004144,!a0cb4a5c,30.3099994659424,54.251953125,928.513610839844,,,,-28,8,0
2026-04-20T23:22:51.484972,1130004144,!a0cb4a5c,,,,,,,-27,9,0
2026-04-20T23:23:15.971413,1130004144,!a0cb4a5c,30.1900005340576,54.4091796875,928.497009277344,,,,-28,7,0
2026-04-20T23:25:50.970475,1130004144,!a0cb4a5c,,,,,,,-27,7.25,0
2026-04-20T23:26:16.675044,1130004144,!a0cb4a5c,30.0699996948242,54.591796875,928.049865722656,,,,-28,7.25,0
2026-04-20T23:28:51.019895,1130004144,!a0cb4a5c,,,,,,,-28,7,0
2026-04-20T23:29:16.154913,1130004144,!a0cb4a5c,29.9699993133545,54.7294921875,928.056274414062,,,,-27,9.25,0
2026-04-20T23:31:50.906600,1130004144,!a0cb4a5c,,,,,,,-28,7.5,0
2026-04-20T23:32:16.611333,1130004144,!a0cb4a5c,29.8700008392334,54.8330078125,928.244873046875,,,,-27,7.5,0
2026-04-20T23:34:51.343116,1130004144,!a0cb4a5c,,,,,,,-28,7.25,0
2026-04-20T23:35:16.168012,1130004144,!a0cb4a5c,29.75,54.9443359375,928.19287109375,,,,-27,8,0
2026-04-20T23:37:50.968014,1130004144,!a0cb4a5c,,,,,,,-28,7.25,0
2026-04-20T23:38:16.184692,1130004144,!a0cb4a5c,29.6399993896484,55.150390625,927.920654296875,,,,-27,7.25,0
2026-04-20T23:40:50.938040,1130004144,!a0cb4a5c,,,,,,,-27,7,0
2026-04-20T23:41:16.204172,1130004144,!a0cb4a5c,29.5699996948242,55.4638671875,928.00830078125,,,,-28,7.25,0
2026-04-20T23:43:51.720812,1130004144,!a0cb4a5c,,,,,,,-28,7.25,0
2026-04-20T23:44:16.270496,1130004144,!a0cb4a5c,29.4899997711182,55.662109375,927.642944335938,,,,-28,7.5,0
2026-04-20T23:46:50.917249,1130004144,!a0cb4a5c,,,,,,,-28,7,0
2026-04-20T23:47:16.296310,1130004144,!a0cb4a5c,29.4599990844727,55.923828125,927.624694824219,,,,-28,7.5,0
2026-04-20T23:49:50.888406,1130004144,!a0cb4a5c,,,,,,,-28,7.25,0
2026-04-20T23:50:16.305477,1130004144,!a0cb4a5c,29.4400005340576,55.919921875,927.837158203125,,,,-28,6.5,0
2026-04-20T23:52:51.722968,1130004144,!a0cb4a5c,,,,,,,-28,7.5,0
2026-04-20T23:53:16.303083,1130004144,!a0cb4a5c,29.3700008392334,55.83203125,928.071533203125,,,,-27,7.5,0
2026-04-20T23:55:51.250994,1130004144,!a0cb4a5c,,,,,,,-28,7.25,0
2026-04-20T23:56:16.397870,1130004144,!a0cb4a5c,29.2800006866455,55.9931640625,928.128295898438,,,,-28,7.5,0
2026-04-20T23:58:51.024186,1130004144,!a0cb4a5c,,,,,,,-28,7.5,0
2026-04-20T23:59:16.169452,1130004144,!a0cb4a5c,29.1900005340576,56.1201171875,928.157165527344,,,,-27,7.5,0
2026-04-21T00:01:51.782159,1130004144,!a0cb4a5c,,,,,,,-28,7,0
2026-04-21T00:02:16.337684,1130004144,!a0cb4a5c,29.1100006103516,56.419921875,928.292785644531,,,,-27,7.25,0
2026-04-21T00:04:51.199101,1130004144,!a0cb4a5c,,,,,,,-28,7,0
2026-04-21T00:05:16.109573,1130004144,!a0cb4a5c,29.0699996948242,56.484375,928.148132324219,,,,-27,7.5,0
2026-04-21T00:07:51.649699,1130004144,!a0cb4a5c,,,,,,,-27,7,0
2026-04-21T00:08:16.373214,1130004144,!a0cb4a5c,29,56.4306640625,928.152038574219,,,,-28,8.25,0
2026-04-21T00:10:51.085474,1130004144,!a0cb4a5c,,,,,,,-28,7,0
2026-04-21T00:11:16.144026,1130004144,!a0cb4a5c,28.9099998474121,56.4189453125,927.902893066406,,,,-27,9.5,0
2026-04-21T00:13:51.775125,1130004144,!a0cb4a5c,,,,,,,-28,7.5,0
2026-04-21T00:14:16.930039,1130004144,!a0cb4a5c,28.8400001525879,56.59375,927.795471191406,,,,-27,7.25,0
2026-04-21T00:16:51.698721,1130004144,!a0cb4a5c,,,,,,,-27,7.25,0
2026-04-21T00:17:16.282732,1130004144,!a0cb4a5c,28.7600002288818,56.84765625,927.728698730469,,,,-28,7.25,0
2026-04-21T00:19:51.238655,1130004144,!a0cb4a5c,,,,,,,-28,6.75,0
2026-04-21T00:20:16.449997,1130004144,!a0cb4a5c,28.7199993133545,57.015625,927.758605957031,,,,-27,7,0
2026-04-21T00:22:51.998143,1130004144,!a0cb4a5c,,,,,,,-27,9,0
2026-04-21T00:23:16.896930,1130004144,!a0cb4a5c,28.6700000762939,57.146484375,927.729553222656,,,,-28,7.75,0
2026-04-21T00:25:51.441417,1130004144,!a0cb4a5c,,,,,,,-28,7,0
2026-04-21T00:26:16.422042,1130004144,!a0cb4a5c,28.6200008392334,57.2548828125,927.81982421875,,,,-28,8.25,0
2026-04-21T00:28:51.816273,1130004144,!a0cb4a5c,,,,,,,-28,7,0
2026-04-21T00:29:16.391491,1130004144,!a0cb4a5c,28.5699996948242,57.3759765625,927.854370117188,,,,-28,7.5,0
2026-04-21T00:31:52.040714,1130004144,!a0cb4a5c,,,,,,,-27,7.5,0
2026-04-21T00:32:16.603723,1130004144,!a0cb4a5c,28.5100002288818,57.4462890625,927.873596191406,,,,-28,7.25,0
2026-04-21T00:34:51.800953,1130004144,!a0cb4a5c,,,,,,,-28,7,0
2026-04-21T00:35:16.295654,1130004144,!a0cb4a5c,28.4300003051758,57.5517578125,927.778564453125,,,,-28,7.5,0
2026-04-21T00:37:51.925841,1130004144,!a0cb4a5c,,,,,,,-27,7.75,0
2026-04-21T00:38:16.587640,1130004144,!a0cb4a5c,28.3400001525879,57.7587890625,927.731689453125,,,,-27,7,0
2026-04-21T00:40:51.391666,1130004144,!a0cb4a5c,,,,,,,-28,7.25,0
2026-04-21T00:41:16.322643,1130004144,!a0cb4a5c,28.2600002288818,57.8984375,927.692565917969,,,,-27,8.75,0
2026-04-21T00:43:52.040607,1130004144,!a0cb4a5c,,,,,,,-28,8,0
2026-04-21T00:44:16.626438,1130004144,!a0cb4a5c,28.1800003051758,58.083984375,927.660766601562,,,,-27,7,0
2026-04-21T00:46:51.200552,1130004144,!a0cb4a5c,,,,,,,-28,7.5,0
2026-04-21T00:47:16.545860,1130004144,!a0cb4a5c,28.1100006103516,58.2578125,927.719848632812,,,,-27,7,0
2026-04-21T00:49:51.356186,1130004144,!a0cb4a5c,,,,,,,-28,7.25,0
2026-04-21T00:50:16.710512,1130004144,!a0cb4a5c,28.0300006866455,58.41796875,927.561767578125,,,,-27,7.25,0
2026-04-21T00:52:51.824859,1130004144,!a0cb4a5c,,,,,,,-27,7,0
2026-04-21T00:53:16.650631,1130004144,!a0cb4a5c,27.8799991607666,58.4443359375,927.506225585938,,,,-28,7,0
2026-04-21T00:55:51.594812,1130004144,!a0cb4a5c,,,,,,,-27,8.25,0
2026-04-21T00:56:16.619565,1130004144,!a0cb4a5c,27.7199993133545,58.701171875,927.462951660156,,,,-27,7.25,0
2026-04-21T00:58:52.189392,1130004144,!a0cb4a5c,,,,,,,-28,7.25,0
2026-04-21T00:59:16.733553,1130004144,!a0cb4a5c,27.5400009155273,58.814453125,927.500061035156,,,,-27,8.75,0
2026-04-21T01:01:52.236317,1130004144,!a0cb4a5c,,,,,,,-28,7,0
2026-04-21T01:02:16.615306,1130004144,!a0cb4a5c,27.3600006103516,59.087890625,927.501098632812,,,,-27,7,0
2026-04-21T01:04:51.637921,1130004144,!a0cb4a5c,,,,,,,-27,7.25,0
2026-04-21T01:05:16.689575,1130004144,!a0cb4a5c,27.2099990844727,59.423828125,927.520690917969,,,,-28,6.75,0
2026-04-21T01:07:51.304728,1130004144,!a0cb4a5c,,,,,,,-28,7.75,0
2026-04-21T01:08:16.586649,1130004144,!a0cb4a5c,27.0699996948242,59.7138671875,927.666564941406,,,,-27,7.25,0
2026-04-21T01:10:51.411651,1130004144,!a0cb4a5c,,,,,,,-28,7.25,0
2026-04-21T01:11:16.710880,1130004144,!a0cb4a5c,26.9400005340576,59.87890625,927.77197265625,,,,-27,7.25,0
2026-04-21T01:13:52.197828,1130004144,!a0cb4a5c,,,,,,,-27,6.75,0
2026-04-21T01:14:16.836745,1130004144,!a0cb4a5c,26.7900009155273,60.076171875,927.687805175781,,,,-28,7.25,0
2026-04-21T01:16:52.042579,1130004144,!a0cb4a5c,,,,,,,-27,6.75,0
2026-04-21T01:17:16.732430,1130004144,!a0cb4a5c,26.6599998474121,60.390625,928.022644042969,,,,-28,7,0
2026-04-21T01:19:51.409389,1130004144,!a0cb4a5c,,,,,,,-28,7.5,0
2026-04-21T01:20:16.920193,1130004144,!a0cb4a5c,26.5400009155273,60.580078125,928.107727050781,,,,-27,8.25,0
2026-04-21T01:22:52.338751,1130004144,!a0cb4a5c,,,,,,,-27,9,0
2026-04-21T01:23:16.765696,1130004144,!a0cb4a5c,26.3999996185303,60.833984375,928.14208984375,,,,-27,6.75,0
2026-04-21T01:25:51.651713,1130004144,!a0cb4a5c,,,,,,,-28,7.25,0
2026-04-21T01:26:16.937577,1130004144,!a0cb4a5c,26.2700004577637,61.0693359375,928.013061523438,,,,-27,7.25,0
2026-04-21T01:28:51.548640,1130004144,!a0cb4a5c,,,,,,,-28,7.25,0
2026-04-21T01:29:16.673225,1130004144,!a0cb4a5c,26.1599998474121,61.236328125,928.148376464844,,,,-27,7,0
2026-04-21T01:31:51.707858,1130004144,!a0cb4a5c,,,,,,,-27,9.25,0
2026-04-21T01:32:16.819246,1130004144,!a0cb4a5c,26.0599994659424,61.2216796875,928.347351074219,,,,-28,7.25,0
2026-04-21T01:34:51.437903,1130004144,!a0cb4a5c,,,,,,,-27,6.75,0
2026-04-21T01:35:17.275076,1130004144,!a0cb4a5c,25.9500007629395,61.4345703125,928.288879394531,,,,-27,7.25,0
2026-04-21T01:37:51.918183,1130004144,!a0cb4a5c,,,,,,,-27,8,0
2026-04-21T01:38:16.663231,1130004144,!a0cb4a5c,25.8500003814697,61.560546875,928.31640625,,,,-28,6.75,0
2026-04-21T01:40:51.608982,1130004144,!a0cb4a5c,,,,,,,-27,10,0
2026-04-21T01:41:17.012638,1130004144,!a0cb4a5c,25.7700004577637,61.775390625,928.407348632812,,,,-28,7,0
2026-04-21T01:43:51.954403,1130004144,!a0cb4a5c,,,,,,,-28,7.25,0
2026-04-21T01:44:16.837677,1130004144,!a0cb4a5c,25.7000007629395,62.234375,928.030456542969,,,,-27,10,0
2026-04-21T01:46:51.589832,1130004144,!a0cb4a5c,,,,,,,-28,7.5,0
2026-04-21T01:47:16.961500,1130004144,!a0cb4a5c,25.6599998474121,62.6044921875,927.775329589844,,,,-27,7.5,0
2026-04-21T01:49:51.621869,1130004144,!a0cb4a5c,,,,,,,-27,7.5,0
2026-04-21T01:50:16.741529,1130004144,!a0cb4a5c,25.6499996185303,62.8525390625,927.87060546875,,,,-27,7.25,0
2026-04-21T01:52:51.571240,1130004144,!a0cb4a5c,,,,,,,-28,7.5,0
2026-04-21T01:53:16.954502,1130004144,!a0cb4a5c,25.6299991607666,62.9072265625,927.729370117188,,,,-27,7.75,0
2026-04-21T01:55:52.279500,1130004144,!a0cb4a5c,,,,,,,-28,7.5,0
2026-04-21T01:56:17.100065,1130004144,!a0cb4a5c,25.6100006103516,63.234375,927.615478515625,,,,-26,10,0
2026-04-21T01:58:51.600202,1130004144,!a0cb4a5c,,,,,,,-28,7,0
2026-04-21T01:59:16.877425,1130004144,!a0cb4a5c,25.6299991607666,63.3173828125,927.638610839844,,,,-27,7.5,0
2026-04-21T02:01:52.340237,1130004144,!a0cb4a5c,,,,,,,-27,9.5,0
2026-04-21T02:02:17.097510,1130004144,!a0cb4a5c,25.6299991607666,63.3173828125,927.701721191406,,,,-26,9.75,0
2026-04-21T02:04:59.372923,1130004144,!a0cb4a5c,,,,,,,-74,7,1
2026-04-21T02:05:16.818577,1130004144,!a0cb4a5c,25.6100006103516,63.37109375,927.643127441406,,,,-28,7.5,0
2026-04-21T02:07:51.792601,1130004144,!a0cb4a5c,,,,,,,-28,6.75,0
2026-04-21T02:08:16.945058,1130004144,!a0cb4a5c,25.5900001525879,63.55078125,927.66796875,,,,-27,8.5,0
2026-04-21T02:10:51.811280,1130004144,!a0cb4a5c,,,,,,,-28,7.25,0
2026-04-21T02:11:17.186315,1130004144,!a0cb4a5c,25.5900001525879,63.6875,927.585021972656,,,,-28,7,0
2026-04-21T02:13:51.746696,1130004144,!a0cb4a5c,,,,,,,-27,7,0
2026-04-21T02:14:17.021105,1130004144,!a0cb4a5c,25.5900001525879,63.767578125,927.585021972656,,,,-26,9.75,0
2026-04-21T02:16:51.666475,1130004144,!a0cb4a5c,,,,,,,-27,7,0
2026-04-21T02:17:17.328920,1130004144,!a0cb4a5c,25.5900001525879,63.7783203125,927.557373046875,,,,-27,8.25,0
2026-04-21T02:19:51.760443,1130004144,!a0cb4a5c,,,,,,,-28,7,0
2026-04-21T02:20:23.483696,1130004144,!a0cb4a5c,25.5799999237061,63.87890625,927.312805175781,,,,-74,7.25,1
2026-04-21T02:22:52.448589,1130004144,!a0cb4a5c,,,,,,,-27,7,0
2026-04-21T02:23:17.094999,1130004144,!a0cb4a5c,25.6000003814697,64.0400390625,927.31591796875,,,,-27,8.5,0
2026-04-21T02:25:52.847280,1130004144,!a0cb4a5c,,,,,,,-27,7,0
2026-04-21T02:26:17.240230,1130004144,!a0cb4a5c,25.6100006103516,64.064453125,927.192626953125,,,,-28,7.5,0
2026-04-21T02:28:51.771269,1130004144,!a0cb4a5c,,,,,,,-27,7,0
2026-04-21T02:29:17.711030,1130004144,!a0cb4a5c,25.6100006103516,64.0078125,927.303466796875,,,,-27,7.75,0
2026-04-21T02:31:51.770087,1130004144,!a0cb4a5c,,,,,,,-28,7.5,0
2026-04-21T02:32:17.226294,1130004144,!a0cb4a5c,25.6100006103516,63.9501953125,927.220336914062,,,,-27,7,0
2026-04-21T02:34:51.976587,1130004144,!a0cb4a5c,,,,,,,-28,6.75,0
2026-04-21T02:35:17.222184,1130004144,!a0cb4a5c,25.5699996948242,63.9921875,927.332763671875,,,,-27,8.75,0
2026-04-21T02:37:52.667099,1130004144,!a0cb4a5c,,,,,,,-28,7,0
2026-04-21T02:38:17.039663,1130004144,!a0cb4a5c,25.5499992370605,64.11328125,927.384826660156,,,,-27,9,0
2026-04-21T02:40:55.661379,1130004144,!a0cb4a5c,,,,,,,-74,7.25,1
2026-04-21T02:41:17.133356,1130004144,!a0cb4a5c,25.5300006866455,64.04296875,927.326416015625,,,,-28,7.25,0
2026-04-21T02:43:52.068761,1130004144,!a0cb4a5c,,,,,,,-27,8.5,0
2026-04-21T02:44:17.134379,1130004144,!a0cb4a5c,25.5100002288818,64.142578125,927.433898925781,,,,-27,7.25,0
2026-04-21T02:46:52.173535,1130004144,!a0cb4a5c,,,,,,,-28,7.25,0
2026-04-21T02:47:17.081618,1130004144,!a0cb4a5c,25.4799995422363,64.1611328125,927.395629882812,,,,-27,7,0
2026-04-21T02:49:52.049299,1130004144,!a0cb4a5c,,,,,,,-28,7,0
2026-04-21T02:50:17.219985,1130004144,!a0cb4a5c,25.4599990844727,64.203125,927.440063476562,,,,-27,10,0
2026-04-21T02:52:52.065196,1130004144,!a0cb4a5c,,,,,,,-27,7,0
2026-04-21T02:53:17.430343,1130004144,!a0cb4a5c,25.4500007629395,64.408203125,927.460021972656,,,,-27,7,0
2026-04-21T02:55:51.983477,1130004144,!a0cb4a5c,,,,,,,-28,7.75,0
2026-04-21T02:56:19.705789,1130004144,!a0cb4a5c,25.4500007629395,64.4404296875,927.507629394531,,,,-27,7.25,0
2026-04-21T02:58:52.786276,1130004144,!a0cb4a5c,,,,,,,-28,6.75,0
2026-04-21T02:59:17.502609,1130004144,!a0cb4a5c,25.4400005340576,64.4404296875,927.499938964844,,,,-27,7,0
2026-04-21T03:01:52.454379,1130004144,!a0cb4a5c,,,,,,,-27,7,0
2026-04-21T03:02:17.407932,1130004144,!a0cb4a5c,25.4400005340576,64.623046875,927.555297851562,,,,-28,7,0
2026-04-21T03:04:51.885690,1130004144,!a0cb4a5c,,,,,,,-27,9,0
2026-04-21T03:05:17.530427,1130004144,!a0cb4a5c,25.4500007629395,64.669921875,927.460021972656,,,,-27,9.75,0
2026-04-21T03:07:52.251027,1130004144,!a0cb4a5c,,,,,,,-28,6.5,0
2026-04-21T03:08:17.404007,1130004144,!a0cb4a5c,25.4599990844727,64.75,927.392395019531,,,,-28,7.25,0
2026-04-21T03:10:51.961265,1130004144,!a0cb4a5c,,,,,,,-27,7.25,0
2026-04-21T03:11:17.365119,1130004144,!a0cb4a5c,25.4599990844727,64.705078125,927.447814941406,,,,-27,7.25,0
2026-04-21T03:13:52.558745,1130004144,!a0cb4a5c,,,,,,,-27,6.75,0
2026-04-21T03:14:17.447040,1130004144,!a0cb4a5c,25.4699993133545,64.796875,927.455444335938,,,,-28,6.75,0
2026-04-21T03:16:51.945130,1130004144,!a0cb4a5c,,,,,,,-27,9.75,0
2026-04-21T03:17:18.027275,1130004144,!a0cb4a5c,25.4799995422363,64.80859375,927.415649414062,,,,-28,7.5,0
2026-04-21T03:19:52.431912,1130004144,!a0cb4a5c,,,,,,,-27,7.75,0
2026-04-21T03:20:17.370867,1130004144,!a0cb4a5c,25.4699993133545,64.8876953125,927.463195800781,,,,-27,7.5,0
2026-04-21T03:22:52.398172,1130004144,!a0cb4a5c,,,,,,,-28,6.75,0
2026-04-21T03:23:17.309155,1130004144,!a0cb4a5c,25.4899997711182,64.970703125,927.541748046875,,,,-27,8.25,0
2026-04-21T03:25:52.323127,1130004144,!a0cb4a5c,,,,,,,-28,7.75,0
2026-04-21T03:26:17.595711,1130004144,!a0cb4a5c,25.4899997711182,64.9609375,927.493774414062,,,,-28,7.25,0
2026-04-21T03:28:52.096914,1130004144,!a0cb4a5c,,,,,,,-28,8.25,0
2026-04-21T03:29:17.671594,1130004144,!a0cb4a5c,25.5100002288818,65.0966796875,927.564514160156,,,,-28,7.25,0
2026-04-21T03:31:52.935876,1130004144,!a0cb4a5c,,,,,,,-28,7,0
2026-04-21T03:32:17.362642,1130004144,!a0cb4a5c,25.5300006866455,65.146484375,927.603149414062,,,,-27,7,0
2026-04-21T03:34:52.961303,1130004144,!a0cb4a5c,,,,,,,-27,7.25,0
2026-04-21T03:35:17.618728,1130004144,!a0cb4a5c,25.5499992370605,65.16015625,927.598571777344,,,,-28,7,0
2026-04-21T03:37:52.786379,1130004144,!a0cb4a5c,,,,,,,-28,7.5,0
2026-04-21T03:38:17.442198,1130004144,!a0cb4a5c,25.5599994659424,65.140625,927.621704101562,,,,-27,7,0
2026-04-21T03:40:52.774226,1130004144,!a0cb4a5c,,,,,,,-27,7.25,0
2026-04-21T03:41:17.996759,1130004144,!a0cb4a5c,25.5499992370605,65.0576171875,927.598571777344,,,,-27,9.25,0
2026-04-21T03:43:52.330847,1130004144,!a0cb4a5c,,,,,,,-27,7,0
2026-04-21T03:44:17.748755,1130004144,!a0cb4a5c,25.5200004577637,65.04296875,927.615295410156,,,,-27,7,0
2026-04-21T03:46:52.736143,1130004144,!a0cb4a5c,,,,,,,-28,7,0
2026-04-21T03:47:17.594449,1130004144,!a0cb4a5c,25.5100002288818,65.1552734375,927.655212402344,,,,-28,7,0
2026-04-21T03:49:52.456791,1130004144,!a0cb4a5c,,,,,,,-28,6.75,0
2026-04-21T03:50:17.601460,1130004144,!a0cb4a5c,25.5100002288818,65.2802734375,927.627563476562,,,,-27,8,0
2026-04-21T03:52:52.906491,1130004144,!a0cb4a5c,,,,,,,-28,7,0
2026-04-21T03:53:17.609563,1130004144,!a0cb4a5c,25.5200004577637,65.3837890625,927.559997558594,,,,-27,7,0
2026-04-21T03:55:52.438074,1130004144,!a0cb4a5c,,,,,,,-28,7,0
2026-04-21T03:56:17.683798,1130004144,!a0cb4a5c,25.5400009155273,65.431640625,927.610778808594,,,,-28,7,0
2026-04-21T03:58:52.212889,1130004144,!a0cb4a5c,,,,,,,-27,7.25,0
2026-04-21T03:59:17.813073,1130004144,!a0cb4a5c,25.5599994659424,65.48046875,927.641662597656,,,,-28,7.5,0
2026-04-21T04:01:53.192787,1130004144,!a0cb4a5c,,,,,,,-28,6.75,0
2026-04-21T04:02:17.870474,1130004144,!a0cb4a5c,25.5799999237061,65.4833984375,927.589538574219,,,,-27,7.25,0
2026-04-21T04:04:53.207573,1130004144,!a0cb4a5c,,,,,,,-27,6.75,0
2026-04-21T04:05:17.694311,1130004144,!a0cb4a5c,25.6000003814697,65.5087890625,927.592651367188,,,,-28,7,0
2026-04-21T04:07:52.212176,1130004144,!a0cb4a5c,,,,,,,-27,7.5,0
2026-04-21T04:08:17.634800,1130004144,!a0cb4a5c,25.6000003814697,65.5439453125,927.627807617188,,,,-27,7.75,0
2026-04-21T04:10:53.042152,1130004144,!a0cb4a5c,,,,,,,-28,7.75,0
2026-04-21T04:11:17.745737,1130004144,!a0cb4a5c,25.6200008392334,65.591796875,927.686279296875,,,,-28,8.75,0
2026-04-21T04:13:52.257006,1130004144,!a0cb4a5c,,,,,,,-27,7.25,0
2026-04-21T04:14:17.722250,1130004144,!a0cb4a5c,25.6399993896484,65.5947265625,927.737121582031,,,,-27,9.5,0
2026-04-21T04:16:52.450130,1130004144,!a0cb4a5c,,,,,,,-27,7.25,0
2026-04-21T04:17:17.774276,1130004144,!a0cb4a5c,25.6499996185303,65.595703125,927.732238769531,,,,-28,7.5,0
2026-04-21T04:19:52.896000,1130004144,!a0cb4a5c,,,,,,,-28,7.25,0
2026-04-21T04:20:17.798959,1130004144,!a0cb4a5c,25.6700000762939,65.5986328125,927.818420410156,,,,-27,10,0
2026-04-21T04:22:52.286559,1130004144,!a0cb4a5c,,,,,,,-28,7,0
2026-04-21T04:23:17.905095,1130004144,!a0cb4a5c,25.6900005340576,65.580078125,927.786254882812,,,,-27,8.75,0
2026-04-21T04:25:52.345908,1130004144,!a0cb4a5c,,,,,,,-28,7,0
2026-04-21T04:26:17.823842,1130004144,!a0cb4a5c,25.6900005340576,65.580078125,927.738586425781,,,,-28,8.25,0
2026-04-21T04:28:52.648149,1130004144,!a0cb4a5c,,,,,,,-27,7.25,0
2026-04-21T04:29:17.700618,1130004144,!a0cb4a5c,25.7099990844727,65.6171875,927.844482421875,,,,-27,7,0
2026-04-21T04:31:53.287735,1130004144,!a0cb4a5c,,,,,,,-27,10,0
2026-04-21T04:32:17.809891,1130004144,!a0cb4a5c,25.7099990844727,65.6396484375,927.872192382812,,,,-27,7,0
2026-04-21T04:34:52.488229,1130004144,!a0cb4a5c,,,,,,,-28,7.25,0
2026-04-21T04:35:17.891830,1130004144,!a0cb4a5c,25.7099990844727,65.6513671875,927.816772460938,,,,-28,6.75,0
2026-04-21T04:37:52.600019,1130004144,!a0cb4a5c,,,,,,,-27,7.5,0
2026-04-21T04:38:18.113428,1130004144,!a0cb4a5c,25.7199993133545,65.65234375,927.950622558594,,,,-28,7,0
2026-04-21T04:40:52.726201,1130004144,!a0cb4a5c,,,,,,,-27,7,0
2026-04-21T04:41:18.016893,1130004144,!a0cb4a5c,25.7299995422363,65.630859375,927.84765625,,,,-27,7.5,0
2026-04-21T04:43:53.025713,1130004144,!a0cb4a5c,,,,,,,-28,7.5,0
2026-04-21T04:44:17.938973,1130004144,!a0cb4a5c,25.7299995422363,65.6650390625,927.875305175781,,,,-27,7,0
2026-04-21T04:46:52.546267,1130004144,!a0cb4a5c,,,,,,,-27,6.75,0
2026-04-21T04:47:17.861600,1130004144,!a0cb4a5c,25.7399997711182,65.666015625,927.863098144531,,,,-27,8.25,0
2026-04-21T04:49:52.465251,1130004144,!a0cb4a5c,,,,,,,-28,7,0
2026-04-21T04:50:18.059573,1130004144,!a0cb4a5c,25.7299995422363,65.7216796875,927.82763671875,,,,-27,10,0
2026-04-21T04:52:52.720036,1130004144,!a0cb4a5c,,,,,,,-27,7.25,0
2026-04-21T04:53:18.182130,1130004144,!a0cb4a5c,25.7399997711182,65.7236328125,927.787841796875,,,,-28,8.5,0
2026-04-21T04:55:53.183262,1130004144,!a0cb4a5c,,,,,,,-27,7,0
2026-04-21T04:56:18.174369,1130004144,!a0cb4a5c,25.7399997711182,65.7236328125,927.760070800781,,,,-27,9.5,0
2026-04-21T04:58:52.483405,1130004144,!a0cb4a5c,,,,,,,-27,9.75,0
2026-04-21T04:59:17.996950,1130004144,!a0cb4a5c,25.75,65.7705078125,927.823120117188,,,,-27,9.25,0
2026-04-21T05:01:53.046390,1130004144,!a0cb4a5c,,,,,,,-27,7,0
2026-04-21T05:02:17.976824,1130004144,!a0cb4a5c,25.75,65.79296875,927.775146484375,,,,-27,6.75,0
2026-04-21T05:04:53.476006,1130004144,!a0cb4a5c,,,,,,,-28,6.5,0
2026-04-21T05:05:18.025335,1130004144,!a0cb4a5c,25.7600002288818,65.7724609375,927.818298339844,,,,-27,7.5,0
2026-04-21T05:07:53.200167,1130004144,!a0cb4a5c,,,,,,,-28,7,0
2026-04-21T05:08:18.021393,1130004144,!a0cb4a5c,25.7600002288818,65.681640625,927.707580566406,,,,-27,8,0
2026-04-21T05:10:53.328370,1130004144,!a0cb4a5c,,,,,,,-28,7.25,0
2026-04-21T05:11:18.175220,1130004144,!a0cb4a5c,25.7399997711182,65.666015625,927.787841796875,,,,-27,7,0
2026-04-21T05:13:53.469474,1130004144,!a0cb4a5c,,,,,,,-27,7,0
2026-04-21T05:14:18.175172,1130004144,!a0cb4a5c,25.7399997711182,65.7578125,927.760070800781,,,,-27,9.5,0
2026-04-21T05:16:53.306848,1130004144,!a0cb4a5c,,,,,,,-27,7,0
2026-04-21T05:17:18.201980,1130004144,!a0cb4a5c,25.7399997711182,65.689453125,927.677001953125,,,,-27,7,0
2026-04-21T05:19:53.165620,1130004144,!a0cb4a5c,,,,,,,-27,7.5,0
2026-04-21T05:20:18.266891,1130004144,!a0cb4a5c,25.7299995422363,65.7900390625,927.66162109375,,,,-28,7,0
2026-04-21T05:22:52.601156,1130004144,!a0cb4a5c,,,,,,,-27,7.25,0
2026-04-21T05:23:18.093316,1130004144,!a0cb4a5c,25.7299995422363,65.755859375,927.709289550781,,,,-27,7,0
2026-04-21T05:25:52.805760,1130004144,!a0cb4a5c,,,,,,,-28,7,0
2026-04-21T05:26:18.063972,1130004144,!a0cb4a5c,25.7199993133545,65.673828125,927.69384765625,,,,-28,7.25,0
2026-04-21T05:28:53.594345,1130004144,!a0cb4a5c,,,,,,,-27,7,0
2026-04-21T05:29:18.318611,1130004144,!a0cb4a5c,25.7000007629395,65.7275390625,927.663269042969,,,,-28,7.5,0
2026-04-21T05:31:52.788611,1130004144,!a0cb4a5c,,,,,,,-27,7,0
2026-04-21T05:32:18.457257,1130004144,!a0cb4a5c,25.6900005340576,65.7275390625,927.73095703125,,,,-27,7,0
2026-04-21T05:34:52.964342,1130004144,!a0cb4a5c,,,,,,,-27,9,0
2026-04-21T05:35:18.220849,1130004144,!a0cb4a5c,25.6700000762939,65.712890625,927.700012207031,,,,-27,7.5,0
2026-04-21T05:37:52.867658,1130004144,!a0cb4a5c,,,,,,,-27,7.5,0
2026-04-21T05:38:18.229061,1130004144,!a0cb4a5c,25.6499996185303,65.7099609375,927.732238769531,,,,-28,7.25,0
2026-04-21T05:40:53.114482,1130004144,!a0cb4a5c,,,,,,,-28,6.75,0
2026-04-21T05:41:18.320818,1130004144,!a0cb4a5c,25.6299991607666,65.775390625,927.693969726562,,,,-27,7.5,0
2026-04-21T05:43:53.490377,1130004144,!a0cb4a5c,,,,,,,-27,7.25,0
2026-04-21T05:44:18.274353,1130004144,!a0cb4a5c,25.6200008392334,65.8994140625,927.741577148438,,,,-27,7.5,0
2026-04-21T05:46:53.683568,1130004144,!a0cb4a5c,,,,,,,-27,7.25,0
2026-04-21T05:47:18.435875,1130004144,!a0cb4a5c,25.6299991607666,65.8896484375,927.78466796875,,,,-27,7.5,0
2026-04-21T05:49:53.084656,1130004144,!a0cb4a5c,,,,,,,-27,7.5,0
2026-04-21T05:50:18.538345,1130004144,!a0cb4a5c,25.6299991607666,65.8896484375,927.867736816406,,,,-27,7,0
2026-04-21T05:52:53.052822,1130004144,!a0cb4a5c,,,,,,,-27,7.25,0
2026-04-21T05:53:19.097681,1130004144,!a0cb4a5c,25.6299991607666,66.0146484375,927.923095703125,,,,-27,7.25,0
2026-04-21T05:56:00.812583,1130004144,!a0cb4a5c,,,,,,,-75,8.25,1
2026-04-21T05:56:18.939613,1130004144,!a0cb4a5c,25.6499996185303,65.9599609375,928.001586914062,,,,-27,7.25,0
2026-04-21T05:58:53.453850,1130004144,!a0cb4a5c,,,,,,,-28,7,0
2026-04-21T05:59:19.181069,1130004144,!a0cb4a5c,25.6399993896484,65.9931640625,927.938537597656,,,,-27,7.5,0
2026-04-21T06:01:53.080529,1130004144,!a0cb4a5c,,,,,,,-28,7.25,0
2026-04-21T06:02:19.015106,1130004144,!a0cb4a5c,25.6299991607666,65.9228515625,927.950805664062,,,,-27,7.5,0
2026-04-21T06:04:53.579137,1130004144,!a0cb4a5c,,,,,,,-27,9.5,0
2026-04-21T06:05:18.396469,1130004144,!a0cb4a5c,25.6299991607666,66.0146484375,927.859985351562,,,,-27,9.5,0
2026-04-21T06:07:53.545488,1130004144,!a0cb4a5c,,,,,,,-28,8.5,0
2026-04-21T06:08:18.653771,1130004144,!a0cb4a5c,25.6299991607666,66.0146484375,927.887634277344,,,,-27,7.5,0
2026-04-21T06:10:53.466694,1130004144,!a0cb4a5c,,,,,,,-28,7.75,0
2026-04-21T06:11:24.916739,1130004144,!a0cb4a5c,25.6299991607666,66.0595703125,928.026123046875,,,,-74,8.25,1
2026-04-21T06:13:52.903318,1130004144,!a0cb4a5c,,,,,,,-27,7.25,0
2026-04-21T06:14:18.641461,1130004144,!a0cb4a5c,25.6299991607666,65.9912109375,927.970703125,,,,-28,6.75,0
2026-04-21T06:16:53.944631,1130004144,!a0cb4a5c,,,,,,,-28,7,0
2026-04-21T06:17:18.523682,1130004144,!a0cb4a5c,25.6200008392334,66.05859375,928.046020507812,,,,-27,7,0
2026-04-21T06:19:53.039908,1130004144,!a0cb4a5c,,,,,,,-27,7.25,0
2026-04-21T06:20:18.484996,1130004144,!a0cb4a5c,25.6399993896484,66.095703125,928.076904296875,,,,-28,7.25,0
2026-04-21T06:22:52.913812,1130004144,!a0cb4a5c,,,,,,,-27,7.25,0
2026-04-21T06:23:18.710839,1130004144,!a0cb4a5c,25.6299991607666,66.0830078125,928.109069824219,,,,-27,10,0
2026-04-21T06:25:52.991010,1130004144,!a0cb4a5c,,,,,,,-28,7,0
2026-04-21T06:26:18.625097,1130004144,!a0cb4a5c,25.6299991607666,66.0146484375,928.13671875,,,,-27,7,0
2026-04-21T06:28:52.989452,1130004144,!a0cb4a5c,,,,,,,-28,7.75,0
2026-04-21T06:29:18.625909,1130004144,!a0cb4a5c,25.6200008392334,66.0810546875,928.038269042969,,,,-27,9.25,0
2026-04-21T06:31:57.089248,1130004144,!a0cb4a5c,,,,,,,-74,7.25,1
2026-04-21T06:32:18.514191,1130004144,!a0cb4a5c,25.6200008392334,66.0810546875,928.093688964844,,,,-28,7,0
2026-04-21T06:34:53.130677,1130004144,!a0cb4a5c,,,,,,,-28,7,0
2026-04-21T06:35:18.766249,1130004144,!a0cb4a5c,25.6200008392334,66.126953125,928.06591796875,,,,-28,7.25,0
2026-04-21T06:37:53.129528,1130004144,!a0cb4a5c,,,,,,,-28,8,0
2026-04-21T06:38:18.581415,1130004144,!a0cb4a5c,25.6200008392334,66.0810546875,928.121337890625,,,,-28,6.75,0
2026-04-21T06:40:53.677690,1130004144,!a0cb4a5c,,,,,,,-28,7,0
2026-04-21T06:41:18.561794,1130004144,!a0cb4a5c,25.6200008392334,66.0927734375,928.184387207031,,,,-28,9.75,0
2026-04-21T06:43:53.062624,1130004144,!a0cb4a5c,,,,,,,-27,7.25,0
2026-04-21T06:44:18.531608,1130004144,!a0cb4a5c,25.6100006103516,66.13671875,928.141235351562,,,,-27,7.25,0
2026-04-21T06:46:53.579330,1130004144,!a0cb4a5c,,,,,,,-27,10,0
2026-04-21T06:47:21.147003,1130004144,!a0cb4a5c,25.6200008392334,66.18359375,928.184387207031,,,,-74,8.25,1
2026-04-21T06:49:54.110427,1130004144,!a0cb4a5c,,,,,,,-27,7.25,0
2026-04-21T06:50:18.890256,1130004144,!a0cb4a5c,25.6299991607666,66.23046875,928.089050292969,,,,-27,7,0
2026-04-21T06:52:53.299448,1130004144,!a0cb4a5c,,,,,,,-27,6.75,0
2026-04-21T06:53:19.027132,1130004144,!a0cb4a5c,25.6599998474121,66.2119140625,928.155090332031,,,,-28,7,0
2026-04-21T06:55:53.122000,1130004144,!a0cb4a5c,,,,,,,-27,7.5,0
2026-04-21T06:56:18.623072,1130004144,!a0cb4a5c,25.6700000762939,66.212890625,928.178283691406,,,,-27,10,0
2026-04-21T06:58:54.148056,1130004144,!a0cb4a5c,,,,,,,-27,8.75,0
2026-04-21T06:59:18.764985,1130004144,!a0cb4a5c,25.6900005340576,66.16015625,928.181396484375,,,,-27,8.5,0
2026-04-21T07:01:53.420108,1130004144,!a0cb4a5c,,,,,,,-27,6.75,0
2026-04-21T07:02:18.879485,1130004144,!a0cb4a5c,25.7199993133545,66.2197265625,928.164367675781,,,,-27,7,0
2026-04-21T07:04:53.453631,1130004144,!a0cb4a5c,,,,,,,-28,7,0
2026-04-21T07:05:18.918370,1130004144,!a0cb4a5c,25.7399997711182,66.2578125,928.285949707031,,,,-27,7.25,0
2026-04-21T07:07:53.967916,1130004144,!a0cb4a5c,,,,,,,-28,7.25,0
2026-04-21T07:08:18.879066,1130004144,!a0cb4a5c,25.7700004577637,66.2060546875,928.276611328125,,,,-27,7.5,0
2026-04-21T07:10:53.727996,1130004144,!a0cb4a5c,,,,,,,-28,7.5,0
2026-04-21T07:11:18.988464,1130004144,!a0cb4a5c,25.7999992370605,66.208984375,928.287475585938,,,,-27,7.5,0
2026-04-21T07:13:53.228759,1130004144,!a0cb4a5c,,,,,,,-27,7.25,0
2026-04-21T07:14:19.059783,1130004144,!a0cb4a5c,25.8199996948242,66.2236328125,928.290466308594,,,,-27,7.5,0
2026-04-21T07:16:53.395504,1130004144,!a0cb4a5c,,,,,,,-27,8.5,0
2026-04-21T07:17:18.832937,1130004144,!a0cb4a5c,25.8500003814697,66.1279296875,928.371826171875,,,,-27,9.75,0
2026-04-21T07:19:54.027869,1130004144,!a0cb4a5c,,,,,,,-27,7.25,0
2026-04-21T07:20:19.059682,1130004144,!a0cb4a5c,25.8799991607666,66.1318359375,928.362731933594,,,,-28,7.25,0
2026-04-21T07:22:53.361761,1130004144,!a0cb4a5c,,,,,,,-27,8.25,0
2026-04-21T07:23:18.956108,1130004144,!a0cb4a5c,25.9400005340576,66.126953125,928.439636230469,,,,-27,6.75,0
2026-04-21T07:25:53.425336,1130004144,!a0cb4a5c,,,,,,,-27,7.25,0
2026-04-21T07:26:19.006143,1130004144,!a0cb4a5c,25.9599990844727,66.142578125,928.505615234375,,,,-27,7.25,0
2026-04-21T07:28:54.304352,1130004144,!a0cb4a5c,,,,,,,-28,8,0
2026-04-21T07:29:19.149526,1130004144,!a0cb4a5c,25.9799995422363,66.099609375,928.481079101562,,,,-27,7,0
2026-04-21T07:31:54.227384,1130004144,!a0cb4a5c,,,,,,,-26,9.75,0
2026-04-21T07:32:19.779742,1130004144,!a0cb4a5c,26.0300006866455,66.1064453125,928.522521972656,,,,-27,6.75,0
2026-04-21T07:34:53.564944,1130004144,!a0cb4a5c,,,,,,,-27,7,0
2026-04-21T07:35:19.071895,1130004144,!a0cb4a5c,26.0599994659424,66.0537109375,928.513427734375,,,,-27,7,0
2026-04-21T07:37:53.387872,1130004144,!a0cb4a5c,,,,,,,-27,7.25,0
2026-04-21T07:38:19.051511,1130004144,!a0cb4a5c,26.1000003814697,65.9921875,928.602600097656,,,,-27,7,0
2026-04-21T07:40:54.272062,1130004144,!a0cb4a5c,,,,,,,-27,7,0
2026-04-21T07:41:19.118490,1130004144,!a0cb4a5c,26.1499996185303,65.943359375,928.631774902344,,,,-27,7.25,0
2026-04-21T07:43:53.797816,1130004144,!a0cb4a5c,,,,,,,-27,7,0
2026-04-21T07:44:19.091647,1130004144,!a0cb4a5c,26.2099990844727,65.9052734375,928.661010742188,,,,-27,6.75,0
2026-04-21T07:46:53.625337,1130004144,!a0cb4a5c,,,,,,,-27,7.25,0
2026-04-21T07:47:19.266412,1130004144,!a0cb4a5c,26.2700004577637,65.8916015625,928.733276367188,,,,-27,6.75,0
2026-04-21T07:49:54.044195,1130004144,!a0cb4a5c,,,,,,,-26,8,0
2026-04-21T07:50:19.113890,1130004144,!a0cb4a5c,26.3500003814697,65.7890625,928.730224609375,,,,-27,7.25,0
2026-04-21T07:52:54.105095,1130004144,!a0cb4a5c,,,,,,,-27,7,0
2026-04-21T07:53:19.177450,1130004144,!a0cb4a5c,26.4099998474121,65.7529296875,928.830261230469,,,,-28,6.75,0
2026-04-21T07:55:54.650543,1130004144,!a0cb4a5c,,,,,,,-28,7,0
2026-04-21T07:56:19.316277,1130004144,!a0cb4a5c,26.4799995422363,65.5576171875,928.799133300781,,,,-27,7,0
2026-04-21T07:58:53.598130,1130004144,!a0cb4a5c,,,,,,,-27,7.25,0
2026-04-21T07:59:19.335025,1130004144,!a0cb4a5c,26.5799999237061,65.6064453125,928.952819824219,,,,-28,6.75,0
2026-04-21T08:01:53.414415,1130004144,!a0cb4a5c,,,,,,,-27,7.5,0
2026-04-21T08:02:20.029852,1130004144,!a0cb4a5c,26.6800003051758,65.4736328125,928.91259765625,,,,-27,7.25,0
2026-04-21T08:04:54.007963,1130004144,!a0cb4a5c,,,,,,,-28,7.25,0
2026-04-21T08:05:19.179139,1130004144,!a0cb4a5c,26.7999992370605,65.4091796875,928.915283203125,,,,-27,6.75,0
2026-04-21T08:07:53.679436,1130004144,!a0cb4a5c,,,,,,,-27,6.75,0
2026-04-21T08:08:20.015755,1130004144,!a0cb4a5c,26.9300003051758,65.234375,928.94921875,,,,-27,7,0
2026-04-21T08:10:55.067350,1130004144,!a0cb4a5c,,,,,,,-28,6.75,0
2026-04-21T08:11:19.655434,1130004144,!a0cb4a5c,27.0599994659424,65.10546875,928.962524414062,,,,-27,7.5,0
2026-04-21T08:13:53.709069,1130004144,!a0cb4a5c,,,,,,,-27,7.25,0
2026-04-21T08:14:19.141037,1130004144,!a0cb4a5c,27.2299995422363,65.0703125,928.958740234375,,,,-28,7,0
2026-04-21T08:16:53.579327,1130004144,!a0cb4a5c,,,,,,,-27,7.5,0
2026-04-21T08:17:19.407559,1130004144,!a0cb4a5c,27.4099998474121,64.9375,928.929931640625,,,,-27,7,0
2026-04-21T08:19:54.078582,1130004144,!a0cb4a5c,,,,,,,-27,6.75,0
2026-04-21T08:20:19.448416,1130004144,!a0cb4a5c,27.5799999237061,64.5166015625,928.90625,,,,-27,7,0
2026-04-21T08:22:54.432812,1130004144,!a0cb4a5c,,,,,,,-28,7.25,0
2026-04-21T08:23:19.178266,1130004144,!a0cb4a5c,27.7600002288818,64.4169921875,928.857055664062,,,,-27,8.75,0
2026-04-21T08:28:35.427678,1130004144,!a0cb4a5c,,,,,,,-27,7.25,0
2026-04-21T08:28:53.902766,1130004144,!a0cb4a5c,,,,,,,-29,9.25,0
2026-04-21T08:29:19.482974,1130004144,!a0cb4a5c,28.1499996185303,63.6357421875,928.774230957031,,,,-29,10,0
2026-04-21T08:31:53.771286,1130004144,!a0cb4a5c,,,,,,,-29,9,0
2026-04-21T08:32:19.218159,1130004144,!a0cb4a5c,28.2900009155273,63.2431640625,928.877868652344,,,,-29,7.5,0
2026-04-21T08:34:53.627081,1130004144,!a0cb4a5c,,,,,,,-29,9.25,0
2026-04-21T08:35:19.501637,1130004144,!a0cb4a5c,28.4200000762939,62.8828125,928.791931152344,,,,-29,7.5,0
2026-04-21T08:38:19.495926,1130004144,!a0cb4a5c,28.5400009155273,62.8076171875,928.670104980469,,,,-30,7.5,0
2026-04-21T08:40:53.634572,1130004144,!a0cb4a5c,,,,,,,-30,7.5,0
2026-04-21T08:41:19.555586,1130004144,!a0cb4a5c,28.7099990844727,62.8447265625,928.827514648438,,,,-29,7.5,0
2026-04-21T08:43:54.044667,1130004144,!a0cb4a5c,,,,,,,-30,7.5,0
2026-04-21T08:44:19.596409,1130004144,!a0cb4a5c,28.8799991607666,62.3974609375,928.747192382812,,,,-29,8.5,0
2026-04-21T08:46:54.530654,1130004144,!a0cb4a5c,,,,,,,-30,7.25,0
2026-04-21T08:47:19.638666,1130004144,!a0cb4a5c,29.0599994659424,62.2265625,928.744873046875,,,,-30,8,0
2026-04-21T08:49:53.936241,1130004144,!a0cb4a5c,,,,,,,-29,7.5,0
2026-04-21T08:50:19.350837,1130004144,!a0cb4a5c,29.2399997711182,61.7333984375,928.762939453125,,,,-30,7.5,0
2026-04-21T08:52:53.966123,1130004144,!a0cb4a5c,,,,,,,-29,9,0
2026-04-21T08:53:19.618139,1130004144,!a0cb4a5c,29.4200000762939,61.7587890625,928.78076171875,,,,-29,9.75,0
2026-04-21T08:55:54.502135,1130004144,!a0cb4a5c,,,,,,,-29,8.5,0
2026-04-21T08:56:19.423204,1130004144,!a0cb4a5c,29.6100006103516,61.56640625,928.829040527344,,,,-29,7.25,0
2026-04-21T08:58:53.845172,1130004144,!a0cb4a5c,,,,,,,-30,9,0
2026-04-21T08:59:19.739011,1130004144,!a0cb4a5c,29.8299999237061,61.28515625,928.788879394531,,,,-29,8,0
2026-04-21T09:01:54.069164,1130004144,!a0cb4a5c,,,,,,,-30,7.75,0
2026-04-21T09:02:19.439286,1130004144,!a0cb4a5c,30.0499992370605,60.8427734375,928.792053222656,,,,-30,7,0
2026-04-21T09:04:54.872260,1130004144,!a0cb4a5c,,,,,,,-30,7.25,0
2026-04-21T09:05:19.560740,1130004144,!a0cb4a5c,30.2700004577637,60.4921875,928.794372558594,,,,-30,7.5,0
2026-04-21T09:07:54.887818,1130004144,!a0cb4a5c,,,,,,,-30,7.25,0
2026-04-21T09:08:19.718462,1130004144,!a0cb4a5c,30.5,60.177734375,928.804870605469,,,,-29,7.75,0
2026-04-21T09:10:54.008967,1130004144,!a0cb4a5c,,,,,,,-29,7.25,0
2026-04-21T09:11:19.509153,1130004144,!a0cb4a5c,30.7000007629395,59.7890625,928.776428222656,,,,-29,7.25,0
2026-04-21T09:13:54.346256,1130004144,!a0cb4a5c,,,,,,,-30,7.5,0
2026-04-21T09:14:19.480742,1130004144,!a0cb4a5c,30.8799991607666,59.1435546875,928.80078125,,,,-30,7.25,0
2026-04-21T09:16:53.869931,1130004144,!a0cb4a5c,,,,,,,-29,7.75,0
2026-04-21T09:17:19.630617,1130004144,!a0cb4a5c,31.0499992370605,58.8759765625,928.794860839844,,,,-30,7,0
2026-04-21T09:19:53.980485,1130004144,!a0cb4a5c,,,,,,,-30,7.25,0
2026-04-21T09:20:20.153602,1130004144,!a0cb4a5c,31.2199993133545,58.4951171875,928.839538574219,,,,-30,7.5,0
2026-04-21T09:22:54.894183,1130004144,!a0cb4a5c,,,,,,,-30,7.25,0
2026-04-21T09:23:19.681770,1130004144,!a0cb4a5c,31.3799991607666,58.1689453125,928.797485351562,,,,-30,7.25,0
2026-04-21T09:25:54.095116,1130004144,!a0cb4a5c,,,,,,,-30,7.5,0
2026-04-21T09:26:19.910939,1130004144,!a0cb4a5c,31.5699996948242,57.916015625,928.885131835938,,,,-29,7.5,0
2026-04-21T09:28:54.197194,1130004144,!a0cb4a5c,,,,,,,-30,7.5,0
2026-04-21T09:29:19.758414,1130004144,!a0cb4a5c,31.75,57.4423828125,928.804931640625,,,,-29,7.25,0
2026-04-21T09:31:54.031615,1130004144,!a0cb4a5c,,,,,,,-30,7.5,0
2026-04-21T09:32:19.709452,1130004144,!a0cb4a5c,31.8899993896484,56.97265625,928.836242675781,,,,-29,7.5,0
2026-04-21T09:34:54.226463,1130004144,!a0cb4a5c,,,,,,,-30,7.5,0
2026-04-21T09:35:19.812517,1130004144,!a0cb4a5c,31.9899997711182,56.5107421875,928.793518066406,,,,-29,8.25,0
2026-04-21T09:37:54.067843,1130004144,!a0cb4a5c,,,,,,,-29,7.25,0
2026-04-21T09:38:19.794885,1130004144,!a0cb4a5c,32.0499992370605,56.1484375,928.745544433594,,,,-29,7,0
2026-04-21T09:40:54.752416,1130004144,!a0cb4a5c,,,,,,,-29,7.25,0
2026-04-21T09:41:20.010854,1130004144,!a0cb4a5c,32.0999984741211,55.947265625,928.857666015625,,,,-29,7.25,0
2026-04-21T09:43:54.726902,1130004144,!a0cb4a5c,,,,,,,-29,7.25,0
2026-04-21T09:44:19.821145,1130004144,!a0cb4a5c,32.189998626709,55.5859375,928.84033203125,,,,-29,7.25,0
2026-04-21T09:47:02.242344,1130004144,!a0cb4a5c,,,,,,,-73,7.25,1
2026-04-21T09:47:19.969349,1130004144,!a0cb4a5c,32.25,55.361328125,928.876220703125,,,,-29,8,0
2026-04-21T09:49:54.269097,1130004144,!a0cb4a5c,,,,,,,-29,7.5,0
2026-04-21T09:50:19.994580,1130004144,!a0cb4a5c,32.2999992370605,55.171875,928.960327148438,,,,-29,7.5,0
2026-04-21T09:52:54.151135,1130004144,!a0cb4a5c,,,,,,,-29,7.25,0
2026-04-21T09:53:20.132301,1130004144,!a0cb4a5c,32.3699989318848,54.92578125,928.871398925781,,,,-29,7.5,0
2026-04-21T09:55:54.392853,1130004144,!a0cb4a5c,,,,,,,-30,7.25,0
2026-04-21T09:56:19.832382,1130004144,!a0cb4a5c,32.5,54.974609375,928.922729492188,,,,-29,7.5,0
2026-04-21T09:58:55.128054,1130004144,!a0cb4a5c,,,,,,,-29,8.5,0
2026-04-21T09:59:19.826319,1130004144,!a0cb4a5c,32.7000007629395,54.9765625,928.920959472656,,,,-30,7.5,0
2026-04-21T10:01:54.179907,1130004144,!a0cb4a5c,,,,,,,-30,7.25,0
2026-04-21T10:02:26.484042,1130004144,!a0cb4a5c,32.9599990844727,54.822265625,928.8984375,,,,-71,9.25,1
2026-04-21T10:04:54.950854,1130004144,!a0cb4a5c,,,,,,,-30,7,0
2026-04-21T10:05:19.995792,1130004144,!a0cb4a5c,33.2400016784668,54.6005859375,928.926696777344,,,,-30,8,0
2026-04-21T10:07:55.140073,1130004144,!a0cb4a5c,,,,,,,-30,7.25,0
2026-04-21T10:08:19.925649,1130004144,!a0cb4a5c,33.5299987792969,54.4365234375,928.850158691406,,,,-30,7,0
2026-04-21T10:10:54.976868,1130004144,!a0cb4a5c,,,,,,,-29,7,0
2026-04-21T10:11:20.069002,1130004144,!a0cb4a5c,33.8300018310547,54.1708984375,928.895751953125,,,,-29,7.5,0
2026-04-21T10:13:55.158018,1130004144,!a0cb4a5c,,,,,,,-30,7.5,0
2026-04-21T10:14:20.131436,1130004144,!a0cb4a5c,34.1300010681152,53.6953125,928.869384765625,,,,-30,7.25,0
2026-04-21T10:16:54.198995,1130004144,!a0cb4a5c,,,,,,,-30,7.25,0
2026-04-21T10:17:20.719990,1130004144,!a0cb4a5c,34.4300003051758,53.322265625,929.00341796875,,,,-29,7.25,0
2026-04-21T10:19:55.041000,1130004144,!a0cb4a5c,,,,,,,-30,7,0
2026-04-21T10:20:20.125558,1130004144,!a0cb4a5c,34.6800003051758,52.755859375,928.900329589844,,,,-29,7,0
2026-04-21T10:22:58.467468,1130004144,!a0cb4a5c,,,,,,,-73,7.5,1
2026-04-21T10:23:20.019266,1130004144,!a0cb4a5c,34.8699989318848,52.1826171875,928.861083984375,,,,-30,7.25,0
2026-04-21T10:25:55.176235,1130004144,!a0cb4a5c,,,,,,,-29,7.25,0
2026-04-21T10:26:19.982476,1130004144,!a0cb4a5c,35.0299987792969,51.3037109375,928.880493164062,,,,-30,7.5,0
2026-04-21T10:28:54.405884,1130004144,!a0cb4a5c,,,,,,,-30,7.25,0
2026-04-21T10:29:20.214977,1130004144,!a0cb4a5c,35.1199989318848,50.8583984375,928.785339355469,,,,-30,7.25,0
2026-04-21T10:31:55.115698,1130004144,!a0cb4a5c,,,,,,,-30,7.5,0
2026-04-21T10:32:20.080093,1130004144,!a0cb4a5c,35.2000007629395,50.599609375,928.794982910156,,,,-30,7.5,0
2026-04-21T10:34:54.504649,1130004144,!a0cb4a5c,,,,,,,-30,7.25,0
2026-04-21T10:35:20.303523,1130004144,!a0cb4a5c,35.3300018310547,50.2861328125,928.732788085938,,,,-31,7.5,0
2026-04-21T10:37:55.238027,1130004144,!a0cb4a5c,,,,,,,-30,7.25,0
2026-04-21T10:38:22.583176,1130004144,!a0cb4a5c,35.4599990844727,49.92578125,928.76220703125,,,,-29,7.25,0
2026-04-21T10:40:54.276637,1130004144,!a0cb4a5c,,,,,,,-30,7,0
2026-04-21T10:41:20.126054,1130004144,!a0cb4a5c,35.5800018310547,49.5302734375,928.656433105469,,,,-31,7.5,0
2026-04-21T10:43:54.368711,1130004144,!a0cb4a5c,,,,,,,-30,7,0
2026-04-21T10:44:20.403005,1130004144,!a0cb4a5c,35.6599998474121,49.166015625,928.701721191406,,,,-30,7.25,0
2026-04-21T10:46:55.025404,1130004144,!a0cb4a5c,,,,,,,-30,7,0
2026-04-21T10:47:20.223544,1130004144,!a0cb4a5c,35.689998626709,48.8173828125,928.578918457031,,,,-29,7.25,0
2026-04-21T10:49:54.518363,1130004144,!a0cb4a5c,,,,,,,-30,7.25,0
2026-04-21T10:50:20.972054,1130004144,!a0cb4a5c,35.7299995422363,48.564453125,928.575927734375,,,,-30,7.75,0
2026-04-21T10:52:55.102828,1130004144,!a0cb4a5c,,,,,,,-30,7.25,0
2026-04-21T10:53:20.908232,1130004144,!a0cb4a5c,35.7799987792969,48.34765625,928.567626953125,,,,-30,7,0
2026-04-21T10:55:55.167710,1130004144,!a0cb4a5c,,,,,,,-30,7.5,0
2026-04-21T10:56:20.385541,1130004144,!a0cb4a5c,35.8400001525879,48.177734375,928.490417480469,,,,-30,7,0
2026-04-21T10:58:55.087037,1130004144,!a0cb4a5c,,,,,,,-30,7.25,0
2026-04-21T10:59:20.253268,1130004144,!a0cb4a5c,35.9099998474121,47.9169921875,928.435729980469,,,,-30,7.25,0
2026-04-21T11:01:54.553857,1130004144,!a0cb4a5c,,,,,,,-30,7.5,0
2026-04-21T11:02:20.283243,1130004144,!a0cb4a5c,35.9799995422363,47.6318359375,928.422241210938,,,,-30,7.25,0
2026-04-21T11:04:54.459021,1130004144,!a0cb4a5c,,,,,,,-30,7.25,0
2026-04-21T11:05:20.527652,1130004144,!a0cb4a5c,36.0200004577637,47.3310546875,928.447326660156,,,,-30,7,0
2026-04-21T11:07:54.742782,1130004144,!a0cb4a5c,,,,,,,-30,7,0
2026-04-21T11:08:20.554664,1130004144,!a0cb4a5c,36.0200004577637,47.12109375,928.342407226562,,,,-30,7.5,0
2026-04-21T11:10:54.665685,1130004144,!a0cb4a5c,,,,,,,-29,8.25,0
2026-04-21T11:11:20.526650,1130004144,!a0cb4a5c,36.0400009155273,47.005859375,928.316711425781,,,,-30,7.5,0
2026-04-21T11:13:54.595990,1130004144,!a0cb4a5c,,,,,,,-30,7.25,0
2026-04-21T11:14:20.416862,1130004144,!a0cb4a5c,36.0900001525879,46.8583984375,928.216430664062,,,,-30,7.25,0
2026-04-21T11:16:55.278385,1130004144,!a0cb4a5c,,,,,,,-30,7.25,0
2026-04-21T11:17:20.277442,1130004144,!a0cb4a5c,36.1199989318848,46.7451171875,928.157043457031,,,,-29,7.75,0
2026-04-21T11:19:54.579213,1130004144,!a0cb4a5c,,,,,,,-29,7.75,0
2026-04-21T11:20:20.459799,1130004144,!a0cb4a5c,36.1800003051758,46.609375,928.184753417969,,,,-30,7.5,0
2026-04-21T11:22:55.322386,1130004144,!a0cb4a5c,,,,,,,-29,7.25,0
2026-04-21T11:23:20.446963,1130004144,!a0cb4a5c,36.2299995422363,46.380859375,928.148254394531,,,,-30,7,0
2026-04-21T11:25:54.661576,1130004144,!a0cb4a5c,,,,,,,-30,7.25,0
2026-04-21T11:26:20.529303,1130004144,!a0cb4a5c,36.2799987792969,46.291015625,928.02734375,,,,-30,7.5,0
2026-04-21T11:28:55.346018,1130004144,!a0cb4a5c,,,,,,,-30,7.75,0
2026-04-21T11:29:20.590841,1130004144,!a0cb4a5c,36.3499984741211,46.2041015625,927.95751953125,,,,-30,7.25,0
2026-04-21T11:31:55.353833,1130004144,!a0cb4a5c,,,,,,,-30,7,0
2026-04-21T11:32:20.528826,1130004144,!a0cb4a5c,36.4099998474121,46.0595703125,928.000183105469,,,,-30,7.25,0
2026-04-21T11:34:55.318391,1130004144,!a0cb4a5c,,,,,,,-30,7.5,0
2026-04-21T11:35:20.629331,1130004144,!a0cb4a5c,36.4500007629395,45.86328125,927.920166015625,,,,-30,7.25,0
2026-04-21T11:37:55.379623,1130004144,!a0cb4a5c,,,,,,,-30,7,0
2026-04-21T11:38:20.549549,1130004144,!a0cb4a5c,36.4799995422363,45.59765625,927.881225585938,,,,-29,7.5,0
2026-04-21T11:40:54.666982,1130004144,!a0cb4a5c,,,,,,,-30,7,0
2026-04-21T11:41:20.416852,1130004144,!a0cb4a5c,36.4799995422363,45.45703125,927.768615722656,,,,-30,7.25,0
2026-04-21T11:43:54.922110,1130004144,!a0cb4a5c,,,,,,,-29,7,0
2026-04-21T11:44:20.569452,1130004144,!a0cb4a5c,36.4700012207031,45.384765625,927.746032714844,,,,-30,7.25,0
2026-04-21T11:46:55.186159,1130004144,!a0cb4a5c,,,,,,,-30,7,0
2026-04-21T11:47:20.755995,1130004144,!a0cb4a5c,36.4500007629395,45.30078125,927.863891601562,,,,-30,7.25,0
2026-04-21T11:49:55.580843,1130004144,!a0cb4a5c,,,,,,,-30,7.25,0
2026-04-21T11:50:20.815811,1130004144,!a0cb4a5c,36.4199981689453,45.2509765625,927.705810546875,,,,-30,7.75,0
2026-04-21T11:52:54.787131,1130004144,!a0cb4a5c,,,,,,,-30,7,0
2026-04-21T11:53:20.548236,1130004144,!a0cb4a5c,36.4000015258789,45.2255859375,927.752014160156,,,,-30,8,0
2026-04-21T11:55:55.376144,1130004144,!a0cb4a5c,,,,,,,-30,7,0
2026-04-21T11:56:21.276615,1130004144,!a0cb4a5c,36.3600006103516,45.2109375,927.614440917969,,,,-30,7,0
2026-04-21T11:58:54.901644,1130004144,!a0cb4a5c,,,,,,,-30,7.5,0
2026-04-21T11:59:20.583676,1130004144,!a0cb4a5c,36.3199996948242,45.1943359375,927.581848144531,,,,-29,7.5,0
2026-04-21T12:01:54.681192,1130004144,!a0cb4a5c,,,,,,,-29,7.25,0
2026-04-21T12:02:20.600244,1130004144,!a0cb4a5c,36.2599983215332,45.1181640625,927.518676757812,,,,-30,7.5,0
2026-04-21T12:04:55.027185,1130004144,!a0cb4a5c,,,,,,,-30,7.25,0
2026-04-21T12:05:20.808802,1130004144,!a0cb4a5c,36.189998626709,45.1123046875,927.476013183594,,,,-29,7.25,0
2026-04-21T12:07:55.799047,1130004144,!a0cb4a5c,,,,,,,-30,7,0
2026-04-21T12:08:20.954097,1130004144,!a0cb4a5c,36.1199989318848,45.1513671875,927.558532714844,,,,-29,7.5,0
2026-04-21T12:10:54.945544,1130004144,!a0cb4a5c,,,,,,,-29,7.5,0
2026-04-21T12:11:20.695130,1130004144,!a0cb4a5c,36.060001373291,45.2158203125,927.559509277344,,,,-30,7.75,0
2026-04-21T12:13:55.085167,1130004144,!a0cb4a5c,,,,,,,-29,9,0
2026-04-21T12:14:20.954024,1130004144,!a0cb4a5c,35.9799995422363,45.1962890625,927.40185546875,,,,-29,9.25,0
2026-04-21T12:16:55.667298,1130004144,!a0cb4a5c,,,,,,,-29,9.75,0
2026-04-21T12:17:21.176004,1130004144,!a0cb4a5c,35.9000015258789,45.2353515625,927.428588867188,,,,-28,9.75,0
2026-04-21T12:19:55.831744,1130004144,!a0cb4a5c,,,,,,,-29,9.5,0
2026-04-21T12:20:20.870177,1130004144,!a0cb4a5c,35.810001373291,45.109375,927.432006835938,,,,-29,8.75,0
2026-04-21T12:22:55.193583,1130004144,!a0cb4a5c,,,,,,,-29,7,0
2026-04-21T12:23:20.694885,1130004144,!a0cb4a5c,35.6800003051758,45.015625,927.410766601562,,,,-30,9.75,0
2026-04-21T12:25:55.681082,1130004144,!a0cb4a5c,,,,,,,-29,8.75,0
2026-04-21T12:26:20.888622,1130004144,!a0cb4a5c,35.560001373291,45.1669921875,927.340209960938,,,,-30,8.75,0
2026-04-21T12:28:55.161212,1130004144,!a0cb4a5c,,,,,,,-29,8,0
2026-04-21T12:29:21.053239,1130004144,!a0cb4a5c,35.4300003051758,45.189453125,927.403137207031,,,,-30,7.5,0
2026-04-21T12:31:55.466846,1130004144,!a0cb4a5c,,,,,,,-29,7,0
2026-04-21T12:32:20.970906,1130004144,!a0cb4a5c,35.3400001525879,45.4609375,927.258605957031,,,,-29,7.75,0
2026-04-21T12:34:55.979738,1130004144,!a0cb4a5c,,,,,,,-29,9.75,0
2026-04-21T12:35:20.986078,1130004144,!a0cb4a5c,35.2900009155273,45.677734375,927.266845703125,,,,-29,9.5,0
2026-04-21T12:37:54.920465,1130004144,!a0cb4a5c,,,,,,,-30,7.5,0
2026-04-21T12:38:21.133208,1130004144,!a0cb4a5c,35.2599983215332,45.8037109375,927.256713867188,,,,-29,9.75,0
2026-04-21T12:40:55.071504,1130004144,!a0cb4a5c,,,,,,,-29,7.25,0
2026-04-21T12:41:21.164551,1130004144,!a0cb4a5c,35.2400016784668,45.8837890625,927.170288085938,,,,-30,8.5,0
2026-04-21T12:43:56.028042,1130004144,!a0cb4a5c,,,,,,,-29,9.75,0
2026-04-21T12:44:21.143578,1130004144,!a0cb4a5c,35.2000007629395,45.7861328125,927.129699707031,,,,-29,8.75,0
2026-04-21T12:46:55.130316,1130004144,!a0cb4a5c,,,,,,,-30,7.5,0
2026-04-21T12:47:21.249217,1130004144,!a0cb4a5c,35.1399993896484,45.861328125,927.010131835938,,,,-29,9.25,0
2026-04-21T12:49:55.868592,1130004144,!a0cb4a5c,,,,,,,-29,8.5,0
2026-04-21T12:50:20.961180,1130004144,!a0cb4a5c,35.0900001525879,46.1142578125,927.053833007812,,,,-29,9.5,0
2026-04-21T12:52:55.545722,1130004144,!a0cb4a5c,,,,,,,-29,8.5,0
2026-04-21T12:53:21.133156,1130004144,!a0cb4a5c,35.0699996948242,46.2763671875,927.115478515625,,,,-29,8,0
2026-04-21T12:55:55.579012,1130004144,!a0cb4a5c,,,,,,,-29,7.5,0
2026-04-21T12:56:21.134474,1130004144,!a0cb4a5c,35.060001373291,46.3916015625,926.98779296875,,,,-29,9,0
2026-04-21T12:58:55.066347,1130004144,!a0cb4a5c,,,,,,,-29,8.75,0
2026-04-21T12:59:20.965192,1130004144,!a0cb4a5c,35.060001373291,46.4619140625,926.98779296875,,,,-29,9.5,0
2026-04-21T13:01:55.707471,1130004144,!a0cb4a5c,,,,,,,-29,10,0
2026-04-21T13:02:31.194489,1130004144,!a0cb4a5c,35.060001373291,46.53125,926.931640625,,,,-28,9,0
2026-04-21T13:04:55.315078,1130004144,!a0cb4a5c,,,,,,,-30,9,0
2026-04-21T13:05:21.024878,1130004144,!a0cb4a5c,35.0800018310547,46.708984375,926.926391601562,,,,-30,9.75,0
2026-04-21T13:07:55.403288,1130004144,!a0cb4a5c,,,,,,,-29,7.25,0
2026-04-21T13:08:21.091135,1130004144,!a0cb4a5c,35.0900001525879,46.7578125,927.005310058594,,,,-29,9.5,0
2026-04-21T13:10:55.077553,1130004144,!a0cb4a5c,,,,,,,-28,9.75,0
2026-04-21T13:11:21.789462,1130004144,!a0cb4a5c,35.1199989318848,46.771484375,926.874816894531,,,,-28,9.25,0
2026-04-21T13:13:55.224172,1130004144,!a0cb4a5c,,,,,,,-29,9.75,0
2026-04-21T13:14:21.128409,1130004144,!a0cb4a5c,35.1399993896484,46.6923828125,926.905151367188,,,,-28,9.75,0
2026-04-21T13:16:56.057800,1130004144,!a0cb4a5c,,,,,,,-29,9.5,0
2026-04-21T13:17:21.064367,1130004144,!a0cb4a5c,35.1399993896484,46.8310546875,926.785461425781,,,,-28,9.75,0
2026-04-21T13:19:55.440475,1130004144,!a0cb4a5c,,,,,,,-29,9.75,0
2026-04-21T13:20:21.216402,1130004144,!a0cb4a5c,35.1699981689453,46.939453125,926.774780273438,,,,-29,9.25,0
2026-04-21T13:22:55.745434,1130004144,!a0cb4a5c,,,,,,,-29,9.75,0
2026-04-21T13:23:21.378055,1130004144,!a0cb4a5c,35.1800003051758,46.98828125,926.713684082031,,,,-28,7.5,0
2026-04-21T13:25:55.136201,1130004144,!a0cb4a5c,,,,,,,-29,9.75,0
2026-04-21T13:26:21.104868,1130004144,!a0cb4a5c,35.2299995422363,47.09765625,926.782104492188,,,,-28,9.75,0
2026-04-21T13:28:55.493320,1130004144,!a0cb4a5c,,,,,,,-29,9,0
2026-04-21T13:29:21.119040,1130004144,!a0cb4a5c,35.2700004577637,46.798828125,926.758605957031,,,,-29,8,0
2026-04-21T13:31:55.506445,1130004144,!a0cb4a5c,,,,,,,-28,9,0
2026-04-21T13:32:21.351281,1130004144,!a0cb4a5c,35.2999992370605,46.7080078125,926.727478027344,,,,-29,8.5,0
2026-04-21T13:34:55.487403,1130004144,!a0cb4a5c,,,,,,,-28,9,0
2026-04-21T13:35:21.225556,1130004144,!a0cb4a5c,35.310001373291,46.802734375,926.602172851562,,,,-28,9,0
2026-04-21T13:37:55.227437,1130004144,!a0cb4a5c,,,,,,,-28,9.25,0
2026-04-21T13:38:21.933674,1130004144,!a0cb4a5c,35.3199996948242,46.78125,926.561279296875,,,,-29,8,0
2026-04-21T13:40:55.856768,1130004144,!a0cb4a5c,,,,,,,-28,8.75,0
2026-04-21T13:41:21.362025,1130004144,!a0cb4a5c,35.310001373291,46.779296875,926.489868164062,,,,-29,8.75,0
2026-04-21T13:43:56.024480,1130004144,!a0cb4a5c,,,,,,,-28,9,0
2026-04-21T13:44:21.280907,1130004144,!a0cb4a5c,35.3400001525879,46.828125,926.41552734375,,,,-29,9.25,0
2026-04-21T13:46:55.546038,1130004144,!a0cb4a5c,,,,,,,-29,9.25,0
2026-04-21T13:47:21.390602,1130004144,!a0cb4a5c,35.3699989318848,46.85546875,926.461120605469,,,,-28,9,0
2026-04-21T13:49:56.236668,1130004144,!a0cb4a5c,,,,,,,-28,8.25,0
2026-04-21T13:50:21.243171,1130004144,!a0cb4a5c,35.4000015258789,46.8349609375,926.373596191406,,,,-28,8.5,0
2026-04-21T13:52:56.000249,1130004144,!a0cb4a5c,,,,,,,-28,9.25,0
2026-04-21T13:53:27.851613,1130004144,!a0cb4a5c,35.439998626709,46.8037109375,926.342712402344,,,,-74,7,1
2026-04-21T13:55:55.388809,1130004144,!a0cb4a5c,,,,,,,-29,9.5,0
2026-04-21T13:56:21.971550,1130004144,!a0cb4a5c,35.4799995422363,46.75,926.298645019531,,,,-30,7.25,0
2026-04-21T13:58:56.136096,1130004144,!a0cb4a5c,,,,,,,-28,9,0
2026-04-21T13:59:21.265028,1130004144,!a0cb4a5c,35.5099983215332,46.7412109375,926.336547851562,,,,-29,8.75,0
2026-04-21T14:01:55.671276,1130004144,!a0cb4a5c,,,,,,,-29,8.75,0
2026-04-21T14:02:21.570595,1130004144,!a0cb4a5c,35.5900001525879,46.7490234375,926.289611816406,,,,-29,8,0
2026-04-21T14:04:56.171697,1130004144,!a0cb4a5c,,,,,,,-29,9.25,0
2026-04-21T14:05:21.458038,1130004144,!a0cb4a5c,35.6599998474121,46.6279296875,926.199279785156,,,,-29,8.75,0
2026-04-21T14:07:56.089573,1130004144,!a0cb4a5c,,,,,,,-29,8.75,0
2026-04-21T14:08:21.526909,1130004144,!a0cb4a5c,35.7000007629395,46.5498046875,926.204040527344,,,,-29,8,0
2026-04-21T14:10:56.199036,1130004144,!a0cb4a5c,,,,,,,-29,7.5,0
2026-04-21T14:11:21.543456,1130004144,!a0cb4a5c,35.7299995422363,46.376953125,926.157592773438,,,,-29,7.25,0
2026-04-21T14:14:00.041689,1130004144,!a0cb4a5c,,,,,,,-74,7,1
2026-04-21T14:14:21.568928,1130004144,!a0cb4a5c,35.7099990844727,46.2001953125,926.070861816406,,,,-30,7.25,0
2026-04-21T14:16:56.183690,1130004144,!a0cb4a5c,,,,,,,-30,7.25,0
2026-04-21T14:17:22.118627,1130004144,!a0cb4a5c,35.6699981689453,46.11328125,925.989685058594,,,,-29,8.25,0
2026-04-21T14:19:55.523825,1130004144,!a0cb4a5c,,,,,,,-30,7.25,0
2026-04-21T14:20:21.866887,1130004144,!a0cb4a5c,35.6500015258789,46.052734375,925.987243652344,,,,-30,7.25,0
2026-04-21T14:22:55.693277,1130004144,!a0cb4a5c,,,,,,,-28,9.25,0
2026-04-21T14:23:21.532205,1130004144,!a0cb4a5c,35.5999984741211,45.990234375,925.967529296875,,,,-29,8.75,0
2026-04-21T14:25:55.504817,1130004144,!a0cb4a5c,,,,,,,-29,8.5,0
2026-04-21T14:26:21.524684,1130004144,!a0cb4a5c,35.5800018310547,46.0234375,925.880798339844,,,,-29,8,0
2026-04-21T14:28:55.713319,1130004144,!a0cb4a5c,,,,,,,-29,9.75,0
2026-04-21T14:29:24.085296,1130004144,!a0cb4a5c,35.5699996948242,45.892578125,925.865539550781,,,,-73,7.25,1
2026-04-21T14:31:56.259046,1130004144,!a0cb4a5c,,,,,,,-29,9.5,0
2026-04-21T14:32:21.768287,1130004144,!a0cb4a5c,35.5400009155273,45.80859375,925.904357910156,,,,-29,9,0
2026-04-21T14:34:56.519251,1130004144,!a0cb4a5c,,,,,,,-29,9.75,0
2026-04-21T14:35:21.586567,1130004144,!a0cb4a5c,35.4700012207031,45.7080078125,925.86181640625,,,,-28,10,0
2026-04-21T14:37:55.790926,1130004144,!a0cb4a5c,,,,,,,-28,9.75,0
2026-04-21T14:38:21.845126,1130004144,!a0cb4a5c,35.439998626709,45.728515625,925.816345214844,,,,-29,7,0
2026-04-21T14:40:56.529533,1130004144,!a0cb4a5c,,,,,,,-29,9.75,0
2026-04-21T14:41:22.499028,1130004144,!a0cb4a5c,35.4199981689453,45.69140625,925.757751464844,,,,-28,9,0
2026-04-21T14:43:55.614843,1130004144,!a0cb4a5c,,,,,,,-28,9.25,0
2026-04-21T14:44:21.736854,1130004144,!a0cb4a5c,35.4000015258789,45.642578125,925.803894042969,,,,-29,8.5,0
2026-04-21T14:46:56.657753,1130004144,!a0cb4a5c,,,,,,,-29,9.25,0
2026-04-21T14:47:21.633510,1130004144,!a0cb4a5c,35.3699989318848,45.6748046875,925.737976074219,,,,-29,9.25,0
2026-04-21T14:49:56.481759,1130004144,!a0cb4a5c,,,,,,,-28,8.5,0
2026-04-21T14:50:21.623550,1130004144,!a0cb4a5c,35.3899993896484,45.771484375,925.627990722656,,,,-29,8.25,0
2026-04-21T14:52:56.384589,1130004144,!a0cb4a5c,,,,,,,-29,8.75,0
2026-04-21T14:53:21.909755,1130004144,!a0cb4a5c,35.4099998474121,45.703125,925.630065917969,,,,-28,9.25,0
2026-04-21T14:55:56.253442,1130004144,!a0cb4a5c,,,,,,,-29,8.75,0
2026-04-21T14:56:21.887486,1130004144,!a0cb4a5c,35.4099998474121,45.6318359375,925.622497558594,,,,-29,8.75,0
2026-04-21T14:58:56.558803,1130004144,!a0cb4a5c,,,,,,,-29,9.5,0
2026-04-21T14:59:21.993270,1130004144,!a0cb4a5c,35.3600006103516,45.650390625,925.610290527344,,,,-29,8,0
2026-04-21T15:01:55.943582,1130004144,!a0cb4a5c,,,,,,,-29,7.75,0
2026-04-21T15:02:22.011997,1130004144,!a0cb4a5c,35.310001373291,45.71484375,925.611083984375,,,,-29,8,0
2026-04-21T15:04:56.640700,1130004144,!a0cb4a5c,,,,,,,-29,9.75,0
2026-04-21T15:05:22.039312,1130004144,!a0cb4a5c,35.2999992370605,45.8310546875,925.595764160156,,,,-28,8.5,0
2026-04-21T15:07:56.554713,1130004144,!a0cb4a5c,,,,,,,-30,7.25,0
2026-04-21T15:08:22.060698,1130004144,!a0cb4a5c,35.2900009155273,45.806640625,925.524658203125,,,,-30,7.75,0
2026-04-21T15:10:56.487397,1130004144,!a0cb4a5c,,,,,,,-29,7.5,0
2026-04-21T15:11:22.507558,1130004144,!a0cb4a5c,35.25,45.767578125,925.499389648438,,,,-29,7.25,0
2026-04-21T15:13:56.645242,1130004144,!a0cb4a5c,,,,,,,-30,7,0
2026-04-21T15:14:21.755685,1130004144,!a0cb4a5c,35.2400016784668,45.87109375,925.420654296875,,,,-29,7.25,0
2026-04-21T15:16:55.872942,1130004144,!a0cb4a5c,,,,,,,-30,7.5,0
2026-04-21T15:17:21.889723,1130004144,!a0cb4a5c,35.25,45.861328125,925.499389648438,,,,-29,8,0
2026-04-21T15:19:56.510766,1130004144,!a0cb4a5c,,,,,,,-30,7.5,0
2026-04-21T15:20:21.843737,1130004144,!a0cb4a5c,35.2400016784668,45.859375,925.476806640625,,,,-29,7.75,0
2026-04-21T15:22:56.484034,1130004144,!a0cb4a5c,,,,,,,-29,7.25,0
2026-04-21T15:23:22.091728,1130004144,!a0cb4a5c,35.2099990844727,45.728515625,925.466796875,,,,-29,8,0
2026-04-21T15:25:55.989802,1130004144,!a0cb4a5c,,,,,,,-29,8,0
2026-04-21T15:26:22.025050,1130004144,!a0cb4a5c,35.1599998474121,45.619140625,925.446716308594,,,,-29,8.25,0
2026-04-21T15:28:55.828904,1130004144,!a0cb4a5c,,,,,,,-30,7.5,0
2026-04-21T15:29:22.184796,1130004144,!a0cb4a5c,35.1199989318848,45.5791015625,925.434509277344,,,,-30,7,0
2026-04-21T15:31:55.937257,1130004144,!a0cb4a5c,,,,,,,-30,7.5,0
2026-04-21T15:32:21.969334,1130004144,!a0cb4a5c,35.0499992370605,45.595703125,925.419982910156,,,,-29,9.5,0
2026-04-21T15:34:56.138346,1130004144,!a0cb4a5c,,,,,,,-30,7.25,0
2026-04-21T15:35:22.131683,1130004144,!a0cb4a5c,34.939998626709,45.5029296875,925.365173339844,,,,-30,7.25,0
2026-04-21T15:37:56.544552,1130004144,!a0cb4a5c,,,,,,,-30,9.25,0
2026-04-21T15:38:22.044779,1130004144,!a0cb4a5c,34.8800010681152,45.5556640625,925.330444335938,,,,-28,9.5,0
2026-04-21T15:40:57.098199,1130004144,!a0cb4a5c,,,,,,,-29,9,0
2026-04-21T15:41:21.975506,1130004144,!a0cb4a5c,34.8499984741211,45.7158203125,925.292358398438,,,,-29,9.25,0
2026-04-21T15:43:56.091496,1130004144,!a0cb4a5c,,,,,,,-30,7,0
2026-04-21T15:44:22.476755,1130004144,!a0cb4a5c,34.8699989318848,45.7294921875,925.238586425781,,,,-30,8,0
2026-04-21T15:46:56.009548,1130004144,!a0cb4a5c,,,,,,,-29,7.25,0
2026-04-21T15:47:22.104640,1130004144,!a0cb4a5c,34.8699989318848,45.6591796875,925.238586425781,,,,-29,7.25,0
2026-04-21T15:49:56.252225,1130004144,!a0cb4a5c,,,,,,,-30,7.25,0
2026-04-21T15:50:22.816121,1130004144,!a0cb4a5c,34.8499984741211,45.6806640625,925.236083984375,,,,-29,8.25,0
2026-04-21T15:52:56.821326,1130004144,!a0cb4a5c,,,,,,,-30,7.5,0
2026-04-21T15:53:22.148273,1130004144,!a0cb4a5c,34.8199996948242,45.6669921875,925.211120605469,,,,-30,8.25,0
2026-04-21T15:55:56.778349,1130004144,!a0cb4a5c,,,,,,,-29,8.5,0
2026-04-21T15:56:22.377450,1130004144,!a0cb4a5c,34.75,45.7412109375,925.28076171875,,,,-29,8.75,0
2026-04-21T15:58:56.123189,1130004144,!a0cb4a5c,,,,,,,-29,8,0
2026-04-21T15:59:22.227209,1130004144,!a0cb4a5c,34.7000007629395,45.8291015625,925.225219726562,,,,-29,8,0
2026-04-21T16:01:56.761281,1130004144,!a0cb4a5c,,,,,,,-30,7.25,0
2026-04-21T16:02:22.070199,1130004144,!a0cb4a5c,34.6800003051758,45.8974609375,925.222839355469,,,,-28,8.5,0
2026-04-21T16:04:56.276794,1130004144,!a0cb4a5c,,,,,,,-28,7.5,0
2026-04-21T16:05:22.373215,1130004144,!a0cb4a5c,34.6300010681152,45.916015625,925.126098632812,,,,-29,8.25,0
2026-04-21T16:07:56.296121,1130004144,!a0cb4a5c,,,,,,,-29,8.25,0
2026-04-21T16:08:22.329575,1130004144,!a0cb4a5c,34.5900001525879,45.935546875,925.12158203125,,,,-29,9.5,0
2026-04-21T16:10:56.206739,1130004144,!a0cb4a5c,,,,,,,-29,8.75,0
2026-04-21T16:11:22.394026,1130004144,!a0cb4a5c,34.5499992370605,45.943359375,925.088928222656,,,,-29,9,0
2026-04-21T16:13:56.131649,1130004144,!a0cb4a5c,,,,,,,-29,8.25,0
2026-04-21T16:14:22.170170,1130004144,!a0cb4a5c,34.5,45.9736328125,925.040954589844,,,,-29,8.5,0
2026-04-21T16:16:56.053780,1130004144,!a0cb4a5c,,,,,,,-29,9,0
2026-04-21T16:17:22.340997,1130004144,!a0cb4a5c,34.4300003051758,45.978515625,925.054382324219,,,,-29,9,0
2026-04-21T16:19:56.933759,1130004144,!a0cb4a5c,,,,,,,-30,8.75,0
2026-04-21T16:20:22.280386,1130004144,!a0cb4a5c,34.3499984741211,46.0634765625,925.045166015625,,,,-29,8.5,0
2026-04-21T16:22:57.107984,1130004144,!a0cb4a5c,,,,,,,-29,9,0
2026-04-21T16:23:22.335425,1130004144,!a0cb4a5c,34.3199996948242,46.119140625,925.055480957031,,,,-29,8.25,0
2026-04-21T16:25:57.325216,1130004144,!a0cb4a5c,,,,,,,-29,7.5,0
2026-04-21T16:26:22.241418,1130004144,!a0cb4a5c,34.2799987792969,46.138671875,925.135070800781,,,,-29,8.5,0
2026-04-21T16:28:56.251371,1130004144,!a0cb4a5c,,,,,,,-28,9.25,0
2026-04-21T16:29:22.465890,1130004144,!a0cb4a5c,34.2200012207031,46.177734375,925.155944824219,,,,-29,8.5,0
2026-04-21T16:31:56.981360,1130004144,!a0cb4a5c,,,,,,,-30,7.5,0
2026-04-21T16:32:22.458842,1130004144,!a0cb4a5c,34.1599998474121,46.265625,925.064758300781,,,,-29,7.5,0
2026-04-21T16:34:56.974403,1130004144,!a0cb4a5c,,,,,,,-29,7.25,0
2026-04-21T16:35:22.255954,1130004144,!a0cb4a5c,34.1100006103516,46.3310546875,925.128967285156,,,,-29,8,0
2026-04-21T16:37:56.297096,1130004144,!a0cb4a5c,,,,,,,-29,7.25,0
2026-04-21T16:38:22.410421,1130004144,!a0cb4a5c,34.060001373291,46.396484375,925.088684082031,,,,-29,7.75,0
2026-04-21T16:40:57.141825,1130004144,!a0cb4a5c,,,,,,,-29,7,0
2026-04-21T16:41:22.428465,1130004144,!a0cb4a5c,33.9900016784668,46.435546875,925.178466796875,,,,-29,7.75,0
2026-04-21T16:43:56.772296,1130004144,!a0cb4a5c,,,,,,,-29,7.75,0
2026-04-21T16:44:22.348365,1130004144,!a0cb4a5c,33.939998626709,46.5361328125,925.158447265625,,,,-29,7.5,0
2026-04-21T16:46:56.400843,1130004144,!a0cb4a5c,,,,,,,-30,7.5,0
2026-04-21T16:47:22.478912,1130004144,!a0cb4a5c,33.9099998474121,46.6123046875,925.105285644531,,,,-29,7.25,0
2026-04-21T16:49:56.996029,1130004144,!a0cb4a5c,,,,,,,-29,8,0
2026-04-21T16:50:23.084303,1130004144,!a0cb4a5c,33.8800010681152,46.69140625,925.143676757812,,,,-29,7.5,0
2026-04-21T16:52:57.411305,1130004144,!a0cb4a5c,,,,,,,-30,7,0
2026-04-21T16:53:22.502433,1130004144,!a0cb4a5c,33.8300018310547,46.6982421875,925.075317382812,,,,-30,8.5,0
2026-04-21T16:55:56.597191,1130004144,!a0cb4a5c,,,,,,,-29,7.75,0
2026-04-21T16:56:22.673724,1130004144,!a0cb4a5c,33.7599983215332,46.7734375,925.00439453125,,,,-29,8.25,0
2026-04-21T16:58:56.270953,1130004144,!a0cb4a5c,,,,,,,-29,8,0
2026-04-21T16:59:22.690632,1130004144,!a0cb4a5c,33.7400016784668,46.8291015625,925.050598144531,,,,-29,7.75,0
2026-04-21T17:01:56.664799,1130004144,!a0cb4a5c,,,,,,,-29,7.5,0
2026-04-21T17:02:22.470795,1130004144,!a0cb4a5c,33.6699981689453,46.845703125,924.943725585938,,,,-29,7.5,0
2026-04-21T17:04:56.945600,1130004144,!a0cb4a5c,,,,,,,-30,7.5,0
2026-04-21T17:05:22.794790,1130004144,!a0cb4a5c,33.6100006103516,46.931640625,924.99267578125,,,,-29,8,0
2026-04-21T17:07:57.324798,1130004144,!a0cb4a5c,,,,,,,-29,7.25,0
2026-04-21T17:08:22.505881,1130004144,!a0cb4a5c,33.5499992370605,46.984375,924.965026855469,,,,-30,8.75,0
2026-04-21T17:10:56.664147,1130004144,!a0cb4a5c,,,,,,,-29,7.75,0
2026-04-21T17:11:22.817921,1130004144,!a0cb4a5c,33.4900016784668,47.0712890625,925.042175292969,,,,-29,8.5,0
2026-04-21T17:13:56.487810,1130004144,!a0cb4a5c,,,,,,,-30,7,0
2026-04-21T17:14:22.497066,1130004144,!a0cb4a5c,33.4500007629395,47.11328125,925.001708984375,,,,-30,7.5,0
2026-04-21T17:16:56.983972,1130004144,!a0cb4a5c,,,,,,,-30,7.25,0
2026-04-21T17:17:22.654648,1130004144,!a0cb4a5c,33.3800010681152,47.1875,925.014831542969,,,,-29,7.5,0
2026-04-21T17:19:56.420041,1130004144,!a0cb4a5c,,,,,,,-30,7.5,0
2026-04-21T17:20:22.737559,1130004144,!a0cb4a5c,33.3199996948242,47.228515625,925.063598632812,,,,-29,7.25,0
2026-04-21T17:22:57.304117,1130004144,!a0cb4a5c,,,,,,,-30,7.5,0
2026-04-21T17:23:22.649518,1130004144,!a0cb4a5c,33.25,47.314453125,925.07666015625,,,,-29,7.75,0
2026-04-21T17:25:57.175878,1130004144,!a0cb4a5c,,,,,,,-29,7.75,0
2026-04-21T17:26:22.758399,1130004144,!a0cb4a5c,33.189998626709,47.4130859375,925.153381347656,,,,-29,8.5,0
2026-04-21T17:29:05.186117,1130004144,!a0cb4a5c,,,,,,,-75,8.25,1
2026-04-21T17:29:22.917378,1130004144,!a0cb4a5c,33.1399993896484,47.55859375,925.181701660156,,,,-30,8,0
2026-04-21T17:31:57.220922,1130004144,!a0cb4a5c,,,,,,,-30,7.25,0
2026-04-21T17:32:22.749002,1130004144,!a0cb4a5c,33.0800018310547,47.8076171875,925.370300292969,,,,-30,7.25,0
2026-04-21T17:33:24.994776,776564201,!a0cb4a5c,,,,,,,-76,7.25,0
2026-04-21T17:34:56.689399,1130004144,!a0cb4a5c,,,,,,,-30,7.5,0
2026-04-21T17:35:22.820836,1130004144,!a0cb4a5c,33.0099983215332,48.1962890625,925.271240234375,,,,-29,7.5,0
2026-04-21T17:37:56.818258,1130004144,!a0cb4a5c,,,,,,,-31,7,0
2026-04-21T17:38:22.694670,1130004144,!a0cb4a5c,32.9599990844727,48.5048828125,925.314819335938,,,,-30,7.5,0
2026-04-21T17:40:57.411671,1130004144,!a0cb4a5c,,,,,,,-30,7.25,0
2026-04-21T17:41:22.730586,1130004144,!a0cb4a5c,32.9199981689453,48.7919921875,925.309997558594,,,,-30,7.75,0
2026-04-21T17:43:57.361372,1130004144,!a0cb4a5c,,,,,,,-30,7.5,0
2026-04-21T17:44:29.307376,1130004144,!a0cb4a5c,32.8800010681152,49.0546875,925.297485351562,,,,-80,7.25,1
2026-04-21T17:46:56.605309,1130004144,!a0cb4a5c,,,,,,,-29,7,0
2026-04-21T17:47:23.523687,1130004144,!a0cb4a5c,32.8400001525879,49.3408203125,925.299987792969,,,,-30,7.25,0
2026-04-21T17:49:56.601049,1130004144,!a0cb4a5c,,,,,,,-30,7,0
2026-04-21T17:50:22.732110,1130004144,!a0cb4a5c,32.8199996948242,49.5703125,925.318054199219,,,,-30,7.5,0
2026-04-21T17:52:56.636367,1130004144,!a0cb4a5c,,,,,,,-30,7.5,0
2026-04-21T17:53:22.833428,1130004144,!a0cb4a5c,32.7700004577637,49.7861328125,925.277587890625,,,,-30,7.25,0
2026-04-21T17:55:57.135527,1130004144,!a0cb4a5c,,,,,,,-30,7,0
2026-04-21T17:56:23.075229,1130004144,!a0cb4a5c,32.7400016784668,50.048828125,925.419982910156,,,,-30,7.25,0
2026-04-21T17:58:57.340298,1130004144,!a0cb4a5c,,,,,,,-30,7,0
2026-04-21T17:59:23.109393,1130004144,!a0cb4a5c,32.6800003051758,50.2646484375,925.420166015625,,,,-31,7.25,0
2026-04-21T18:01:57.471540,1130004144,!a0cb4a5c,,,,,,,-31,7,0
2026-04-21T18:02:22.967799,1130004144,!a0cb4a5c,32.6199989318848,50.48828125,925.600952148438,,,,-31,7.5,0
2026-04-21T18:05:01.474722,1130004144,!a0cb4a5c,,,,,,,-79,7,1
2026-04-21T18:05:23.107779,1130004144,!a0cb4a5c,32.5299987792969,50.7939453125,925.590759277344,,,,-30,7,0
2026-04-21T18:07:57.710632,1130004144,!a0cb4a5c,,,,,,,-30,7.25,0
2026-04-21T18:08:23.065202,1130004144,!a0cb4a5c,32.4500007629395,51.0615234375,925.552978515625,,,,-31,7,0
2026-04-21T18:10:57.183085,1130004144,!a0cb4a5c,,,,,,,-30,6.75,0
2026-04-21T18:11:23.097859,1130004144,!a0cb4a5c,32.3800010681152,51.3447265625,925.642028808594,,,,-30,7,0
2026-04-21T18:13:57.358724,1130004144,!a0cb4a5c,,,,,,,-31,7.25,0
2026-04-21T18:14:23.108558,1130004144,!a0cb4a5c,32.3199996948242,51.6171875,925.550537109375,,,,-31,6.75,0
2026-04-21T18:16:57.958404,1130004144,!a0cb4a5c,,,,,,,-30,7.25,0
2026-04-21T18:17:23.238066,1130004144,!a0cb4a5c,32.2700004577637,51.7958984375,925.586242675781,,,,-30,7,0
2026-04-21T18:19:58.066154,1130004144,!a0cb4a5c,,,,,,,-30,7.25,0
2026-04-21T18:20:25.534812,1130004144,!a0cb4a5c,32.2099990844727,52.0087890625,925.634826660156,,,,-75,7.5,1
2026-04-21T18:22:56.989608,1130004144,!a0cb4a5c,,,,,,,-30,7.25,0
2026-04-21T18:23:23.127986,1130004144,!a0cb4a5c,32.1399993896484,52.1748046875,925.695861816406,,,,-30,7.25,0
2026-04-21T18:25:56.725398,1130004144,!a0cb4a5c,,,,,,,-30,7.75,0
2026-04-21T18:26:23.083154,1130004144,!a0cb4a5c,32.0699996948242,52.4228515625,925.736267089844,,,,-29,7.5,0
2026-04-21T18:28:57.424850,1130004144,!a0cb4a5c,,,,,,,-29,7.25,0
2026-04-21T18:29:23.148433,1130004144,!a0cb4a5c,32.0200004577637,52.5908203125,925.771850585938,,,,-30,7.5,0
2026-04-21T18:31:57.045738,1130004144,!a0cb4a5c,,,,,,,-30,7,0
2026-04-21T18:32:23.233241,1130004144,!a0cb4a5c,31.9699993133545,52.78125,925.82763671875,,,,-30,7,0
2026-04-21T18:34:56.978546,1130004144,!a0cb4a5c,,,,,,,-30,7.25,0
2026-04-21T18:35:24.057119,1130004144,!a0cb4a5c,31.8999996185303,52.8896484375,925.812683105469,,,,-31,7.5,0
2026-04-21T18:37:57.765184,1130004144,!a0cb4a5c,,,,,,,-31,7.5,0
2026-04-21T18:38:23.336111,1130004144,!a0cb4a5c,31.8299999237061,53.1123046875,925.789672851562,,,,-31,7.5,0
2026-04-21T18:40:57.763862,1130004144,!a0cb4a5c,,,,,,,-31,7.25,0
2026-04-21T18:41:23.306885,1130004144,!a0cb4a5c,31.7800006866455,53.302734375,925.873413085938,,,,-32,7.25,0
2026-04-21T18:43:57.537297,1130004144,!a0cb4a5c,,,,,,,-30,7.25,0
2026-04-21T18:44:23.285408,1130004144,!a0cb4a5c,31.7399997711182,53.47265625,925.931945800781,,,,-31,7.5,0
2026-04-21T18:46:57.663954,1130004144,!a0cb4a5c,,,,,,,-30,7,0
2026-04-21T18:47:23.210101,1130004144,!a0cb4a5c,31.6900005340576,53.65234375,925.947204589844,,,,-30,7.5,0
2026-04-21T18:49:56.994499,1130004144,!a0cb4a5c,,,,,,,-31,6.75,0
2026-04-21T18:50:23.321863,1130004144,!a0cb4a5c,31.6399993896484,53.8193359375,926.002990722656,,,,-30,7.25,0
2026-04-21T18:52:57.627269,1130004144,!a0cb4a5c,,,,,,,-31,7.5,0
2026-04-21T18:53:23.869178,1130004144,!a0cb4a5c,31.5900001525879,53.9638671875,925.954711914062,,,,-31,7,0
2026-04-21T18:55:56.969349,1130004144,!a0cb4a5c,,,,,,,-31,7.5,0
2026-04-21T18:56:23.308207,1130004144,!a0cb4a5c,31.5499992370605,54.1318359375,926.068420410156,,,,-31,7.25,0
2026-04-21T18:58:57.082136,1130004144,!a0cb4a5c,,,,,,,-30,7,0
2026-04-21T18:59:23.158457,1130004144,!a0cb4a5c,31.5300006866455,54.2578125,926.030395507812,,,,-30,7.25,0
2026-04-21T19:01:56.997827,1130004144,!a0cb4a5c,,,,,,,-31,7.25,0
2026-04-21T19:02:23.293414,1130004144,!a0cb4a5c,31.5,54.404296875,926.096435546875,,,,-31,7.25,0
2026-04-21T19:04:57.207925,1130004144,!a0cb4a5c,,,,,,,-31,7.25,0
2026-04-21T19:05:23.459177,1130004144,!a0cb4a5c,31.4699993133545,54.5048828125,926.169921875,,,,-30,7.75,0
2026-04-21T19:07:57.127662,1130004144,!a0cb4a5c,,,,,,,-30,7.25,0
2026-04-21T19:08:23.345798,1130004144,!a0cb4a5c,31.4200000762939,54.5908203125,926.225646972656,,,,-29,7.25,0
2026-04-21T19:10:57.895653,1130004144,!a0cb4a5c,,,,,,,-30,7.5,0
2026-04-21T19:11:23.243350,1130004144,!a0cb4a5c,31.3700008392334,54.7236328125,926.149291992188,,,,-30,7.25,0
2026-04-21T19:13:57.023147,1130004144,!a0cb4a5c,,,,,,,-30,7.25,0
2026-04-21T19:14:23.392334,1130004144,!a0cb4a5c,31.3199996948242,54.890625,926.276123046875,,,,-30,7.5,0
2026-04-21T19:16:57.176461,1130004144,!a0cb4a5c,,,,,,,-30,7.25,0
2026-04-21T19:17:23.432694,1130004144,!a0cb4a5c,31.2800006866455,55.025390625,926.382629394531,,,,-30,7.5,0
2026-04-21T19:19:57.602314,1130004144,!a0cb4a5c,,,,,,,-29,7.25,0
2026-04-21T19:20:23.290849,1130004144,!a0cb4a5c,31.2600002288818,55.138671875,926.435791015625,,,,-30,7.5,0
2026-04-21T19:22:57.753085,1130004144,!a0cb4a5c,,,,,,,-30,7.5,0
2026-04-21T19:23:23.597153,1130004144,!a0cb4a5c,31.2399997711182,55.2392578125,926.517211914062,,,,-30,7,0
2026-04-21T19:25:57.802869,1130004144,!a0cb4a5c,,,,,,,-29,7.5,0
2026-04-21T19:26:23.499736,1130004144,!a0cb4a5c,31.2000007629395,55.419921875,926.595458984375,,,,-30,7.5,0
2026-04-21T19:28:57.473187,1130004144,!a0cb4a5c,,,,,,,-30,7.75,0
2026-04-21T19:29:23.622044,1130004144,!a0cb4a5c,31.1900005340576,55.5224609375,926.664123535156,,,,-30,7.25,0
2026-04-21T19:31:57.423604,1130004144,!a0cb4a5c,,,,,,,-31,7,0
2026-04-21T19:32:23.623627,1130004144,!a0cb4a5c,31.1399993896484,55.5634765625,926.727355957031,,,,-30,7.25,0
2026-04-21T19:34:58.257671,1130004144,!a0cb4a5c,,,,,,,-30,7,0
2026-04-21T19:35:23.514408,1130004144,!a0cb4a5c,31.0900001525879,55.5908203125,926.678894042969,,,,-30,7.5,0
2026-04-21T19:37:57.672345,1130004144,!a0cb4a5c,,,,,,,-31,7,0
2026-04-21T19:38:23.990057,1130004144,!a0cb4a5c,31,55.71875,926.764221191406,,,,-30,7.25,0
2026-04-21T19:40:57.860760,1130004144,!a0cb4a5c,,,,,,,-30,7.5,0
2026-04-21T19:41:23.597061,1130004144,!a0cb4a5c,30.9099998474121,55.82421875,926.801940917969,,,,-30,7.25,0
2026-04-21T19:43:57.926746,1130004144,!a0cb4a5c,,,,,,,-30,7.25,0
2026-04-21T19:44:23.826326,1130004144,!a0cb4a5c,30.8400001525879,56.0126953125,926.953735351562,,,,-30,7.25,0
2026-04-21T19:46:57.278738,1130004144,!a0cb4a5c,,,,,,,-30,7,0
2026-04-21T19:47:23.548733,1130004144,!a0cb4a5c,30.7700004577637,56.1298828125,926.950866699219,,,,-30,7.5,0
2026-04-21T19:49:57.247792,1130004144,!a0cb4a5c,,,,,,,-30,7.25,0
2026-04-21T19:50:23.555574,1130004144,!a0cb4a5c,30.7099990844727,56.2724609375,927.06201171875,,,,-30,7.25,0
2026-04-21T19:52:57.301432,1130004144,!a0cb4a5c,,,,,,,-30,6.75,0
2026-04-21T19:53:23.619019,1130004144,!a0cb4a5c,30.6499996185303,56.4384765625,927.102111816406,,,,-30,7.75,0
2026-04-21T19:55:57.369324,1130004144,!a0cb4a5c,,,,,,,-30,7,0
2026-04-21T19:56:23.782940,1130004144,!a0cb4a5c,30.6000003814697,56.650390625,927.248840332031,,,,-30,7.25,0
2026-04-21T19:58:58.082023,1130004144,!a0cb4a5c,,,,,,,-30,7.25,0
2026-04-21T19:59:23.610870,1130004144,!a0cb4a5c,30.5799999237061,56.7412109375,927.329711914062,,,,-30,7.25,0
2026-04-21T20:01:57.412600,1130004144,!a0cb4a5c,,,,,,,-30,7.25,0
2026-04-21T20:02:23.712067,1130004144,!a0cb4a5c,30.5499992370605,56.7490234375,927.291625976562,,,,-30,7.25,0
2026-04-21T20:04:57.757301,1130004144,!a0cb4a5c,,,,,,,-30,7.5,0
2026-04-21T20:05:23.760955,1130004144,!a0cb4a5c,30.5300006866455,56.72265625,927.364868164062,,,,-30,7.5,0
2026-04-21T20:07:58.204315,1130004144,!a0cb4a5c,,,,,,,-30,7.25,0
2026-04-21T20:08:24.157834,1130004144,!a0cb4a5c,30.5100002288818,56.8359375,927.342041015625,,,,-30,7.5,0
2026-04-21T20:10:57.933469,1130004144,!a0cb4a5c,,,,,,,-30,7.25,0
2026-04-21T20:11:23.678835,1130004144,!a0cb4a5c,30.5100002288818,56.939453125,927.334350585938,,,,-30,7,0
2026-04-21T20:13:57.603903,1130004144,!a0cb4a5c,,,,,,,-30,7,0
2026-04-21T20:14:23.675463,1130004144,!a0cb4a5c,30.5200004577637,57.0107421875,927.413269042969,,,,-30,7.25,0
2026-04-21T20:16:57.383713,1130004144,!a0cb4a5c,,,,,,,-30,7,0
2026-04-21T20:17:23.997504,1130004144,!a0cb4a5c,30.5400009155273,57.0234375,927.435913085938,,,,-30,7.75,0
2026-04-21T20:19:57.495128,1130004144,!a0cb4a5c,,,,,,,-30,7.25,0
2026-04-21T20:20:23.703764,1130004144,!a0cb4a5c,30.5599994659424,57.0380859375,927.494506835938,,,,-30,7.5,0
2026-04-21T20:22:57.457486,1130004144,!a0cb4a5c,,,,,,,-30,7.5,0
2026-04-21T20:23:23.984177,1130004144,!a0cb4a5c,30.5699996948242,57.0498046875,927.565612792969,,,,-30,7,0
2026-04-21T20:25:58.290167,1130004144,!a0cb4a5c,,,,,,,-30,7.25,0
2026-04-21T20:26:23.753338,1130004144,!a0cb4a5c,30.5799999237061,57.041015625,927.616333007812,,,,-30,7,0
2026-04-21T20:28:57.346352,1130004144,!a0cb4a5c,,,,,,,-30,6.75,0
2026-04-21T20:29:23.724633,1130004144,!a0cb4a5c,30.5900001525879,57.0302734375,927.826904296875,,,,-30,7.5,0
2026-04-21T20:31:58.299264,1130004144,!a0cb4a5c,,,,,,,-30,7.5,0
2026-04-21T20:32:23.913763,1130004144,!a0cb4a5c,30.5900001525879,57.005859375,927.819213867188,,,,-30,7.5,0
2026-04-21T20:34:58.085251,1130004144,!a0cb4a5c,,,,,,,-30,7.25,0
2026-04-21T20:35:24.053215,1130004144,!a0cb4a5c,30.5599994659424,57.015625,927.717651367188,,,,-30,7,0
2026-04-21T20:37:57.436782,1130004144,!a0cb4a5c,,,,,,,-30,7.25,0
2026-04-21T20:38:24.105587,1130004144,!a0cb4a5c,30.5300006866455,57.0234375,927.734985351562,,,,-30,7,0
2026-04-21T20:40:57.721742,1130004144,!a0cb4a5c,,,,,,,-30,6.75,0
2026-04-21T20:41:23.869358,1130004144,!a0cb4a5c,30.4899997711182,57.052734375,927.841247558594,,,,-30,7.25,0
2026-04-21T20:43:57.567247,1130004144,!a0cb4a5c,,,,,,,-30,7,0
2026-04-21T20:44:24.575822,1130004144,!a0cb4a5c,30.4400005340576,57.080078125,927.876098632812,,,,-30,7,0
2026-04-21T20:46:58.080188,1130004144,!a0cb4a5c,,,,,,,-30,7.75,0
2026-04-21T20:47:24.053396,1130004144,!a0cb4a5c,30.3899993896484,57.14453125,927.974548339844,,,,-31,7.25,0
2026-04-21T20:49:58.234908,1130004144,!a0cb4a5c,,,,,,,-30,8,0
2026-04-21T20:50:24.073953,1130004144,!a0cb4a5c,30.3700008392334,57.302734375,928.02001953125,,,,-30,7.75,0
2026-04-21T20:52:57.718951,1130004144,!a0cb4a5c,,,,,,,-30,7,0
2026-04-21T20:53:24.089770,1130004144,!a0cb4a5c,30.3600006103516,57.427734375,927.976806640625,,,,-31,8,0
2026-04-21T20:55:57.577664,1130004144,!a0cb4a5c,,,,,,,-30,7.25,0
2026-04-21T20:56:24.641046,1130004144,!a0cb4a5c,30.3500003814697,57.484375,928.268127441406,,,,-30,7.75,0
2026-04-21T20:58:57.855588,1130004144,!a0cb4a5c,,,,,,,-29,7.25,0
2026-04-21T20:59:24.215733,1130004144,!a0cb4a5c,30.2999992370605,57.419921875,928.330993652344,,,,-30,7.25,0
2026-04-21T21:01:57.865128,1130004144,!a0cb4a5c,,,,,,,-30,7.25,0
2026-04-21T21:02:24.052500,1130004144,!a0cb4a5c,30.25,57.4716796875,928.373657226562,,,,-30,7.25,0
2026-04-21T21:04:57.833774,1130004144,!a0cb4a5c,,,,,,,-30,7.25,0
2026-04-21T21:05:24.093993,1130004144,!a0cb4a5c,30.2099990844727,57.626953125,928.332641601562,,,,-30,7.5,0
2026-04-21T21:07:57.853469,1130004144,!a0cb4a5c,,,,,,,-30,7.25,0
2026-04-21T21:08:24.167605,1130004144,!a0cb4a5c,30.1800003051758,57.6943359375,928.266357421875,,,,-30,7.25,0
2026-04-21T21:10:58.393707,1130004144,!a0cb4a5c,,,,,,,-31,7.5,0
2026-04-21T21:11:24.136078,1130004144,!a0cb4a5c,30.1700000762939,57.8994140625,928.187561035156,,,,-30,7.5,0
2026-04-21T21:13:57.830298,1130004144,!a0cb4a5c,,,,,,,-30,7.5,0
2026-04-21T21:14:24.131118,1130004144,!a0cb4a5c,30.1499996185303,57.9423828125,927.969665527344,,,,-30,7,0
2026-04-21T21:16:58.714530,1130004144,!a0cb4a5c,,,,,,,-30,7.5,0
2026-04-21T21:17:24.048613,1130004144,!a0cb4a5c,30.1200008392334,57.951171875,928.035095214844,,,,-30,7.25,0
2026-04-21T21:20:06.641575,1130004144,!a0cb4a5c,,,,,,,-78,7,1
2026-04-21T21:20:24.029435,1130004144,!a0cb4a5c,30.1000003814697,57.9482421875,928.143981933594,,,,-30,7.25,0
2026-04-21T21:22:57.798241,1130004144,!a0cb4a5c,,,,,,,-30,7.25,0
2026-04-21T21:23:24.372524,1130004144,!a0cb4a5c,30.0499992370605,57.814453125,928.290466308594,,,,-29,8.5,0
2026-04-21T21:25:57.670057,1130004144,!a0cb4a5c,,,,,,,-30,7.25,0
2026-04-21T21:26:24.294348,1130004144,!a0cb4a5c,29.9799995422363,57.8984375,928.357971191406,,,,-30,7,0
2026-04-21T21:28:57.925241,1130004144,!a0cb4a5c,,,,,,,-30,7,0
2026-04-21T21:29:24.368480,1130004144,!a0cb4a5c,29.9400005340576,58.0771484375,928.233337402344,,,,-30,7.25,0
2026-04-21T21:31:57.922438,1130004144,!a0cb4a5c,,,,,,,-31,7,0
2026-04-21T21:32:24.241047,1130004144,!a0cb4a5c,29.8899993896484,58.255859375,928.303771972656,,,,-30,7.5,0
2026-04-21T21:34:57.767260,1130004144,!a0cb4a5c,,,,,,,-30,7.25,0
2026-04-21T21:35:30.751783,1130004144,!a0cb4a5c,29.8500003814697,58.412109375,928.262512207031,,,,-77,7.5,1
2026-04-21T21:37:57.829445,1130004144,!a0cb4a5c,,,,,,,-30,8,0
2026-04-21T21:38:24.253567,1130004144,!a0cb4a5c,29.7800006866455,58.5517578125,928.190612792969,,,,-30,7.25,0
2026-04-21T21:40:57.896169,1130004144,!a0cb4a5c,,,,,,,-30,7.75,0
2026-04-21T21:41:24.292030,1130004144,!a0cb4a5c,29.7199993133545,58.7392578125,928.286010742188,,,,-30,7,0
2026-04-21T21:43:58.033032,1130004144,!a0cb4a5c,,,,,,,-30,7.5,0
2026-04-21T21:44:24.179713,1130004144,!a0cb4a5c,29.6399993896484,58.90234375,928.234680175781,,,,-30,7.25,0
2026-04-21T21:46:58.694448,1130004144,!a0cb4a5c,,,,,,,-30,7.25,0
2026-04-21T21:47:24.257690,1130004144,!a0cb4a5c,29.5799999237061,59.1484375,928.337646484375,,,,-30,7.25,0
2026-04-21T21:49:57.781449,1130004144,!a0cb4a5c,,,,,,,-30,7.5,0
2026-04-21T21:50:24.888640,1130004144,!a0cb4a5c,29.5300006866455,59.3369140625,928.30908203125,,,,-30,7.25,0
2026-04-21T21:52:58.031477,1130004144,!a0cb4a5c,,,,,,,-30,7.25,0
2026-04-21T21:53:24.247371,1130004144,!a0cb4a5c,29.4699993133545,59.53515625,928.272705078125,,,,-30,7.5,0
2026-04-21T21:56:02.934021,1130004144,!a0cb4a5c,,,,,,,-79,8.25,1
2026-04-21T21:56:24.661108,1130004144,!a0cb4a5c,29.4099998474121,59.7001953125,928.292175292969,,,,-30,8,0
2026-04-21T21:58:57.839885,1130004144,!a0cb4a5c,,,,,,,-30,7.5,0
2026-04-21T21:59:24.268171,1130004144,!a0cb4a5c,29.3799991607666,59.9140625,928.385498046875,,,,-30,7.5,0
2026-04-21T22:01:58.087730,1130004144,!a0cb4a5c,,,,,,,-30,7.5,0
2026-04-21T22:02:24.587620,1130004144,!a0cb4a5c,29.3199996948242,60.044921875,928.404846191406,,,,-30,7.25,0
2026-04-21T22:04:58.056383,1130004144,!a0cb4a5c,,,,,,,-31,7.5,0
2026-04-21T22:05:24.555243,1130004144,!a0cb4a5c,29.2800006866455,60.2236328125,928.462341308594,,,,-30,7.25,0
2026-04-21T22:07:57.978103,1130004144,!a0cb4a5c,,,,,,,-31,7,0
2026-04-21T22:08:24.468704,1130004144,!a0cb4a5c,29.2399997711182,60.3779296875,928.484558105469,,,,-30,9,0
2026-04-21T22:10:57.963284,1130004144,!a0cb4a5c,,,,,,,-30,7.25,0
2026-04-21T22:11:26.973224,1130004144,!a0cb4a5c,29.2000007629395,60.5341796875,928.59765625,,,,-80,7.25,1
2026-04-21T22:13:57.962001,1130004144,!a0cb4a5c,,,,,,,-31,7,0
2026-04-21T22:14:24.697897,1130004144,!a0cb4a5c,29.1900005340576,60.671875,928.665832519531,,,,-30,7.5,0
2026-04-21T22:16:58.624681,1130004144,!a0cb4a5c,,,,,,,-30,8.75,0
2026-04-21T22:17:24.585818,1130004144,!a0cb4a5c,29.1700000762939,60.8076171875,928.635314941406,,,,-30,7.25,0
2026-04-21T22:19:58.038387,1130004144,!a0cb4a5c,,,,,,,-30,7,0
2026-04-21T22:20:24.649194,1130004144,!a0cb4a5c,29.1499996185303,60.94140625,928.660217285156,,,,-30,7,0
2026-04-21T22:22:58.147971,1130004144,!a0cb4a5c,,,,,,,-31,7.25,0
2026-04-21T22:23:24.422099,1130004144,!a0cb4a5c,29.1200008392334,61.07421875,928.606628417969,,,,-31,7.25,0
2026-04-21T22:25:58.262167,1130004144,!a0cb4a5c,,,,,,,-30,7.5,0
2026-04-21T22:26:24.490378,1130004144,!a0cb4a5c,29.1200008392334,61.212890625,928.530883789062,,,,-31,7.25,0
2026-04-21T22:28:58.508420,1130004144,!a0cb4a5c,,,,,,,-31,7.25,0
2026-04-21T22:29:25.396636,1130004144,!a0cb4a5c,29.0900001525879,61.369140625,928.429077148438,,,,-30,7.75,0
2026-04-21T22:31:59.089451,1130004144,!a0cb4a5c,,,,,,,-30,7.25,0
2026-04-21T22:32:24.720532,1130004144,!a0cb4a5c,29.0699996948242,61.447265625,928.370788574219,,,,-29,9.75,0
2026-04-21T22:34:58.350730,1130004144,!a0cb4a5c,,,,,,,-31,7.75,0
2026-04-21T22:35:24.785070,1130004144,!a0cb4a5c,29.0300006866455,61.568359375,928.38525390625,,,,-31,7.25,0
2026-04-21T22:37:58.317563,1130004144,!a0cb4a5c,,,,,,,-30,7,0
2026-04-21T22:38:24.852943,1130004144,!a0cb4a5c,28.9799995422363,61.654296875,928.344055175781,,,,-30,6.75,0
2026-04-21T22:40:58.208927,1130004144,!a0cb4a5c,,,,,,,-30,7,0
2026-04-21T22:41:24.606345,1130004144,!a0cb4a5c,28.9599990844727,61.7763671875,928.396789550781,,,,-29,9.25,0
2026-04-21T22:43:58.413788,1130004144,!a0cb4a5c,,,,,,,-30,7.5,0
2026-04-21T22:44:24.567644,1130004144,!a0cb4a5c,28.9400005340576,61.888671875,928.421691894531,,,,-31,7.5,0
2026-04-21T22:46:58.078119,1130004144,!a0cb4a5c,,,,,,,-30,7.5,0
2026-04-21T22:47:24.678048,1130004144,!a0cb4a5c,28.9300003051758,61.93359375,928.406555175781,,,,-30,7.25,0
2026-04-21T22:49:58.927333,1130004144,!a0cb4a5c,,,,,,,-30,7.25,0
2026-04-21T22:50:24.958649,1130004144,!a0cb4a5c,28.9500007629395,62.02734375,928.409240722656,,,,-30,7,0
2026-04-21T22:52:58.265045,1130004144,!a0cb4a5c,,,,,,,-31,7,0
2026-04-21T22:53:24.923711,1130004144,!a0cb4a5c,28.9599990844727,62.1318359375,928.368957519531,,,,-30,7.25,0
2026-04-21T22:55:58.843604,1130004144,!a0cb4a5c,,,,,,,-30,7.25,0
2026-04-21T22:56:24.875433,1130004144,!a0cb4a5c,28.9599990844727,62.201171875,928.305603027344,,,,-30,7,0
2026-04-21T22:58:58.423636,1130004144,!a0cb4a5c,,,,,,,-30,7.5,0
2026-04-21T22:59:24.865638,1130004144,!a0cb4a5c,28.9500007629395,62.1767578125,928.270141601562,,,,-30,7,0
2026-04-21T23:01:58.198430,1130004144,!a0cb4a5c,,,,,,,-30,7.25,0
2026-04-21T23:02:24.735944,1130004144,!a0cb4a5c,28.9400005340576,62.267578125,928.282592773438,,,,-30,7.5,0
2026-04-21T23:04:58.355857,1130004144,!a0cb4a5c,,,,,,,-30,7.25,0
2026-04-21T23:05:24.741186,1130004144,!a0cb4a5c,28.9099998474121,62.3193359375,928.229064941406,,,,-30,7.5,0
2026-04-21T23:07:58.281862,1130004144,!a0cb4a5c,,,,,,,-30,7.25,0
2026-04-21T23:08:25.071124,1130004144,!a0cb4a5c,28.8600006103516,62.359375,928.15234375,,,,-30,7.5,0
2026-04-21T23:10:59.032597,1130004144,!a0cb4a5c,,,,,,,-29,7.5,0
2026-04-21T23:11:25.639828,1130004144,!a0cb4a5c,28.7999992370605,62.4072265625,928.179321289062,,,,-30,7.25,0
2026-04-21T23:13:59.240186,1130004144,!a0cb4a5c,,,,,,,-31,7.25,0
2026-04-21T23:14:24.990498,1130004144,!a0cb4a5c,28.75,62.5390625,928.186096191406,,,,-30,7.25,0
2026-04-21T23:16:59.126116,1130004144,!a0cb4a5c,,,,,,,-30,7,0
2026-04-21T23:17:24.987670,1130004144,!a0cb4a5c,28.7099990844727,62.671875,928.263610839844,,,,-30,7.5,0
2026-04-21T23:19:58.885425,1130004144,!a0cb4a5c,,,,,,,-29,9,0
2026-04-21T23:20:25.501094,1130004144,!a0cb4a5c,28.6900005340576,62.794921875,928.268310546875,,,,-30,6.75,0
2026-04-21T23:22:58.459374,1130004144,!a0cb4a5c,,,,,,,-30,7,0
2026-04-21T23:23:25.057984,1130004144,!a0cb4a5c,28.6800003051758,62.8740234375,928.225158691406,,,,-30,7.25,0
2026-04-21T23:25:59.070187,1130004144,!a0cb4a5c,,,,,,,-30,7,0
2026-04-21T23:26:25.171917,1130004144,!a0cb4a5c,28.6800003051758,62.9423828125,928.197265625,,,,-30,7.25,0
2026-04-21T23:28:59.317472,1130004144,!a0cb4a5c,,,,,,,-30,7.5,0
2026-04-21T23:29:25.043361,1130004144,!a0cb4a5c,28.6700000762939,63.0087890625,928.202331542969,,,,-30,7.5,0
2026-04-21T23:31:58.820308,1130004144,!a0cb4a5c,,,,,,,-31,7,0
2026-04-21T23:32:25.160941,1130004144,!a0cb4a5c,28.6700000762939,63.078125,928.202331542969,,,,-30,7.5,0
2026-04-21T23:34:58.471976,1130004144,!a0cb4a5c,,,,,,,-30,7.5,0
2026-04-21T23:35:25.514493,1130004144,!a0cb4a5c,28.6499996185303,63.1328125,928.290466308594,,,,-30,7,0
2026-04-21T23:37:58.679557,1130004144,!a0cb4a5c,,,,,,,-31,7.25,0
2026-04-21T23:38:25.099307,1130004144,!a0cb4a5c,28.6200008392334,63.208984375,928.209045410156,,,,-30,7.25,0
2026-04-21T23:40:58.972675,1130004144,!a0cb4a5c,,,,,,,-31,7.25,0
2026-04-21T23:41:25.225894,1130004144,!a0cb4a5c,28.5900001525879,63.296875,928.190673828125,,,,-31,7.25,0
2026-04-21T23:43:58.724138,1130004144,!a0cb4a5c,,,,,,,-30,7.5,0
2026-04-21T23:44:25.807266,1130004144,!a0cb4a5c,28.5799999237061,63.36328125,928.147521972656,,,,-30,7.5,0
2026-04-21T23:46:58.693260,1130004144,!a0cb4a5c,,,,,,,-31,7.25,0
2026-04-21T23:47:25.212077,1130004144,!a0cb4a5c,28.5599994659424,63.4306640625,928.263732910156,,,,-30,7.5,0
2026-04-21T23:49:59.027849,1130004144,!a0cb4a5c,,,,,,,-30,7.5,0
2026-04-21T23:50:25.122715,1130004144,!a0cb4a5c,28.5699996948242,63.5576171875,928.271423339844,,,,-30,7.25,0
2026-04-21T23:52:59.208087,1130004144,!a0cb4a5c,,,,,,,-30,7.25,0
2026-04-21T23:53:26.393462,1130004144,!a0cb4a5c,28.5599994659424,63.646484375,928.283813476562,,,,-30,7.5,0
2026-04-21T23:55:58.787895,1130004144,!a0cb4a5c,,,,,,,-30,7,0
2026-04-21T23:56:25.276242,1130004144,!a0cb4a5c,28.5499992370605,63.6572265625,928.248291015625,,,,-30,7.25,0
2026-04-21T23:58:58.516844,1130004144,!a0cb4a5c,,,,,,,-30,7.5,0
2026-04-21T23:59:25.079782,1130004144,!a0cb4a5c,28.5699996948242,63.70703125,928.243591308594,,,,-30,7.75,0
2026-04-22T00:01:59.300400,1130004144,!a0cb4a5c,,,,,,,-30,7,0
2026-04-22T00:02:25.383556,1130004144,!a0cb4a5c,28.5799999237061,63.7412109375,928.203125,,,,-30,7,0
2026-04-22T00:04:59.601881,1130004144,!a0cb4a5c,,,,,,,-29,9,0
2026-04-22T00:05:25.226427,1130004144,!a0cb4a5c,28.5900001525879,63.708984375,928.190673828125,,,,-30,7.5,0
2026-04-22T00:07:59.184962,1130004144,!a0cb4a5c,,,,,,,-30,7,0
2026-04-22T00:08:25.327251,1130004144,!a0cb4a5c,28.5900001525879,63.744140625,928.135070800781,,,,-30,8.75,0
2026-04-22T00:10:59.250438,1130004144,!a0cb4a5c,,,,,,,-30,7,0
2026-04-22T00:11:25.242942,1130004144,!a0cb4a5c,28.5799999237061,63.7294921875,928.17529296875,,,,-30,7.25,0
2026-04-22T00:13:59.548626,1130004144,!a0cb4a5c,,,,,,,-30,7,0
2026-04-22T00:14:25.356914,1130004144,!a0cb4a5c,28.5599994659424,63.7509765625,928.152526855469,,,,-30,7,0
2026-04-22T00:16:58.716056,1130004144,!a0cb4a5c,,,,,,,-30,7.25,0
2026-04-22T00:17:25.182360,1130004144,!a0cb4a5c,28.5599994659424,63.75,928.144836425781,,,,-30,8,0
2026-04-22T00:19:59.343852,1130004144,!a0cb4a5c,,,,,,,-30,7.25,0
2026-04-22T00:20:25.344441,1130004144,!a0cb4a5c,28.5499992370605,63.7255859375,928.073852539062,,,,-30,7.25,0
2026-04-22T00:22:58.719181,1130004144,!a0cb4a5c,,,,,,,-30,7,0
2026-04-22T00:23:25.364430,1130004144,!a0cb4a5c,28.5300006866455,63.7802734375,928.015258789062,,,,-30,7.25,0
2026-04-22T00:25:58.673193,1130004144,!a0cb4a5c,,,,,,,-30,8.75,0
2026-04-22T00:26:25.213752,1130004144,!a0cb4a5c,28.5300006866455,63.8154296875,928.015258789062,,,,-30,7.25,0
2026-04-22T00:28:59.460614,1130004144,!a0cb4a5c,,,,,,,-31,7,0
2026-04-22T00:29:25.352109,1130004144,!a0cb4a5c,28.5100002288818,63.8583984375,927.992492675781,,,,-30,7.25,0
2026-04-22T00:31:59.522323,1130004144,!a0cb4a5c,,,,,,,-30,7,0
2026-04-22T00:32:25.917827,1130004144,!a0cb4a5c,28.5100002288818,63.892578125,927.992492675781,,,,-30,7,0
2026-04-22T00:34:59.651595,1130004144,!a0cb4a5c,,,,,,,-30,7.25,0
2026-04-22T00:35:26.107410,1130004144,!a0cb4a5c,28.5100002288818,63.90234375,927.901428222656,,,,-30,7,0
2026-04-22T00:37:58.893089,1130004144,!a0cb4a5c,,,,,,,-30,7,0
2026-04-22T00:38:25.402976,1130004144,!a0cb4a5c,28.4899997711182,63.8662109375,927.898376464844,,,,-30,7,0
2026-04-22T00:40:59.756843,1130004144,!a0cb4a5c,,,,,,,-30,9,0
2026-04-22T00:41:25.469758,1130004144,!a0cb4a5c,28.4799995422363,63.8759765625,927.966430664062,,,,-29,7,0
2026-04-22T00:43:59.002540,1130004144,!a0cb4a5c,,,,,,,-30,7,0
2026-04-22T00:44:25.583779,1130004144,!a0cb4a5c,28.4500007629395,63.8955078125,927.97607421875,,,,-29,7.5,0
2026-04-22T00:46:58.830853,1130004144,!a0cb4a5c,,,,,,,-30,7,0
2026-04-22T00:47:25.618868,1130004144,!a0cb4a5c,28.4200000762939,63.9599609375,927.902526855469,,,,-30,7.5,0
2026-04-22T00:49:59.568477,1130004144,!a0cb4a5c,,,,,,,-30,7,0
2026-04-22T00:50:25.475656,1130004144,!a0cb4a5c,28.3899993896484,64.0126953125,927.947326660156,,,,-30,7,0
2026-04-22T00:52:58.923653,1130004144,!a0cb4a5c,,,,,,,-30,7.25,0
2026-04-22T00:53:25.588291,1130004144,!a0cb4a5c,28.3999996185303,64.048828125,927.962829589844,,,,-30,7.25,0
2026-04-22T00:55:59.082487,1130004144,!a0cb4a5c,,,,,,,-30,7,0
2026-04-22T00:56:25.460957,1130004144,!a0cb4a5c,28.3700008392334,64.0810546875,927.979858398438,,,,-31,6.75,0
2026-04-22T00:58:59.001422,1130004144,!a0cb4a5c,,,,,,,-30,7.75,0
2026-04-22T00:59:25.434949,1130004144,!a0cb4a5c,28.3899993896484,64.1064453125,927.927185058594,,,,-31,7.25,0
2026-04-22T01:01:59.486557,1130004144,!a0cb4a5c,,,,,,,-30,7,0
2026-04-22T01:02:25.642502,1130004144,!a0cb4a5c,28.3799991607666,64.115234375,927.939697265625,,,,-30,7.75,0
2026-04-22T01:04:59.082596,1130004144,!a0cb4a5c,,,,,,,-30,7.25,0
2026-04-22T01:05:25.610688,1130004144,!a0cb4a5c,28.3700008392334,64.1376953125,927.979858398438,,,,-30,7.5,0
2026-04-22T01:07:59.032886,1130004144,!a0cb4a5c,,,,,,,-30,7,0
2026-04-22T01:08:25.694624,1130004144,!a0cb4a5c,28.3500003814697,64.19140625,928.005004882812,,,,-30,8.25,0
2026-04-22T01:10:59.156282,1130004144,!a0cb4a5c,,,,,,,-30,7,0
2026-04-22T01:11:25.696967,1130004144,!a0cb4a5c,28.3299999237061,64.22265625,927.918579101562,,,,-30,7,0
2026-04-22T01:13:59.065491,1130004144,!a0cb4a5c,,,,,,,-31,7.25,0
2026-04-22T01:14:25.715074,1130004144,!a0cb4a5c,28.3299999237061,64.267578125,927.883117675781,,,,-30,8,0
2026-04-22T01:16:59.760013,1130004144,!a0cb4a5c,,,,,,,-30,7.25,0
2026-04-22T01:17:25.585941,1130004144,!a0cb4a5c,28.3099994659424,64.3115234375,927.888122558594,,,,-30,7.5,0
2026-04-22T01:19:59.552494,1130004144,!a0cb4a5c,,,,,,,-30,7.25,0
2026-04-22T01:20:25.844619,1130004144,!a0cb4a5c,28.3099994659424,64.357421875,927.888122558594,,,,-30,7.25,0
2026-04-22T01:22:58.925355,1130004144,!a0cb4a5c,,,,,,,-30,7.25,0
2026-04-22T01:23:26.175998,1130004144,!a0cb4a5c,28.3099994659424,64.40234375,927.963745117188,,,,-30,7.25,0
2026-04-22T01:25:58.984115,1130004144,!a0cb4a5c,,,,,,,-30,7.5,0
2026-04-22T01:26:32.204911,1130004144,!a0cb4a5c,28.2999992370605,64.4814453125,927.920654296875,,,,-78,7.75,1
2026-04-22T01:28:58.957278,1130004144,!a0cb4a5c,,,,,,,-30,7,0
2026-04-22T01:29:25.707934,1130004144,!a0cb4a5c,28.2800006866455,64.490234375,927.98095703125,,,,-30,7.25,0
2026-04-22T01:31:59.304532,1130004144,!a0cb4a5c,,,,,,,-30,7,0
2026-04-22T01:32:25.675588,1130004144,!a0cb4a5c,28.2700004577637,64.5458984375,927.882080078125,,,,-30,7.5,0
2026-04-22T01:34:59.140563,1130004144,!a0cb4a5c,,,,,,,-30,7.5,0
2026-04-22T01:35:25.927319,1130004144,!a0cb4a5c,28.2600002288818,64.5791015625,927.922668457031,,,,-30,7.75,0
2026-04-22T01:37:59.769810,1130004144,!a0cb4a5c,,,,,,,-30,7,0
2026-04-22T01:38:26.531887,1130004144,!a0cb4a5c,28.2700004577637,64.6142578125,927.846618652344,,,,-30,7.25,0
2026-04-22T01:40:59.875180,1130004144,!a0cb4a5c,,,,,,,-30,6.75,0
2026-04-22T01:41:25.732236,1130004144,!a0cb4a5c,28.25,64.646484375,927.816162109375,,,,-30,7.25,0
2026-04-22T01:43:59.217600,1130004144,!a0cb4a5c,,,,,,,-31,7,0
2026-04-22T01:44:25.796818,1130004144,!a0cb4a5c,28.2199993133545,64.640625,927.7421875,,,,-30,7,0
2026-04-22T01:47:04.373543,1130004144,!a0cb4a5c,,,,,,,-80,7.5,1
2026-04-22T01:47:25.739519,1130004144,!a0cb4a5c,28.1900005340576,64.6826171875,927.815185546875,,,,-30,7.25,0
2026-04-22T01:49:59.408808,1130004144,!a0cb4a5c,,,,,,,-31,7,0
2026-04-22T01:50:26.463360,1130004144,!a0cb4a5c,28.1599998474121,64.724609375,927.935913085938,,,,-30,7.25,0
2026-04-22T01:52:59.169024,1130004144,!a0cb4a5c,,,,,,,-30,7,0
2026-04-22T01:53:25.752274,1130004144,!a0cb4a5c,28.1299991607666,64.75390625,927.882080078125,,,,-30,8,0
2026-04-22T01:55:59.255095,1130004144,!a0cb4a5c,,,,,,,-30,7.25,0
2026-04-22T01:56:25.734476,1130004144,!a0cb4a5c,28.1000003814697,64.841796875,927.86376953125,,,,-31,8,0
2026-04-22T01:59:00.017405,1130004144,!a0cb4a5c,,,,,,,-30,7.25,0
2026-04-22T01:59:26.077903,1130004144,!a0cb4a5c,28.0599994659424,64.8837890625,927.837646484375,,,,-30,7.25,0
2026-04-22T02:01:59.453203,1130004144,!a0cb4a5c,,,,,,,-30,7.25,0
2026-04-22T02:02:28.425780,1130004144,!a0cb4a5c,28.0300006866455,64.923828125,927.791748046875,,,,-79,7.5,1
2026-04-22T02:05:00.000219,1130004144,!a0cb4a5c,,,,,,,-30,6.75,0
2026-04-22T02:05:26.062093,1130004144,!a0cb4a5c,28.0400009155273,64.994140625,927.660522460938,,,,-30,7.25,0
2026-04-22T02:07:59.779326,1130004144,!a0cb4a5c,,,,,,,-30,7.25,0
2026-04-22T02:08:25.985026,1130004144,!a0cb4a5c,28.0400009155273,65.0166015625,927.6328125,,,,-30,7.25,0
2026-04-22T02:10:59.884286,1130004144,!a0cb4a5c,,,,,,,-30,7.25,0
2026-04-22T02:11:26.508461,1130004144,!a0cb4a5c,28.0400009155273,65.0048828125,927.640441894531,,,,-30,7.75,0
2026-04-22T02:14:00.187391,1130004144,!a0cb4a5c,,,,,,,-30,7,0
2026-04-22T02:14:26.067566,1130004144,!a0cb4a5c,28.0400009155273,65.0048828125,927.60498046875,,,,-30,8.75,0
2026-04-22T02:16:59.196690,1130004144,!a0cb4a5c,,,,,,,-30,7.25,0
2026-04-22T02:17:25.958831,1130004144,!a0cb4a5c,28.0400009155273,64.982421875,927.529357910156,,,,-30,7.25,0
2026-04-22T02:19:59.306911,1130004144,!a0cb4a5c,,,,,,,-31,7,0
2026-04-22T02:20:26.109929,1130004144,!a0cb4a5c,28.0400009155273,64.9599609375,927.473754882812,,,,-30,7,0
2026-04-22T02:23:00.535621,1130004144,!a0cb4a5c,,,,,,,-29,8.5,0
2026-04-22T02:23:25.940455,1130004144,!a0cb4a5c,28.0300006866455,64.9794921875,927.422973632812,,,,-30,7.5,0
2026-04-22T02:25:59.573094,1130004144,!a0cb4a5c,,,,,,,-31,7.25,0
2026-04-22T02:26:26.019916,1130004144,!a0cb4a5c,28.0300006866455,64.9697265625,927.458435058594,,,,-30,7,0
2026-04-22T02:28:59.925779,1130004144,!a0cb4a5c,,,,,,,-30,7.5,0
2026-04-22T02:29:26.071252,1130004144,!a0cb4a5c,28.0200004577637,64.96875,927.387451171875,,,,-30,7.5,0
2026-04-22T02:31:59.380584,1130004144,!a0cb4a5c,,,,,,,-30,7.75,0
2026-04-22T02:32:25.993760,1130004144,!a0cb4a5c,28.0200004577637,64.9326171875,927.379699707031,,,,-30,7.5,0
2026-04-22T02:34:59.503530,1130004144,!a0cb4a5c,,,,,,,-30,7.5,0
2026-04-22T02:35:26.010447,1130004144,!a0cb4a5c,28.0100002288818,64.931640625,927.364685058594,,,,-30,7.25,0
2026-04-22T02:38:00.020356,1130004144,!a0cb4a5c,,,,,,,-30,7.25,0
2026-04-22T02:38:26.215199,1130004144,!a0cb4a5c,27.9799995422363,64.9501953125,927.298461914062,,,,-30,7.25,0
2026-04-22T02:41:00.416655,1130004144,!a0cb4a5c,,,,,,,-30,7,0
2026-04-22T02:41:26.673101,1130004144,!a0cb4a5c,27.9699993133545,64.9609375,927.310791015625,,,,-31,7.5,0
2026-04-22T02:43:59.924416,1130004144,!a0cb4a5c,,,,,,,-30,7,0
2026-04-22T02:44:26.061389,1130004144,!a0cb4a5c,27.9400005340576,64.9677734375,927.265014648438,,,,-30,7.5,0
2026-04-22T02:47:00.258223,1130004144,!a0cb4a5c,,,,,,,-30,7.25,0
2026-04-22T02:47:26.128737,1130004144,!a0cb4a5c,27.9300003051758,65.0009765625,927.360595703125,,,,-30,7.25,0
2026-04-22T02:49:59.466575,1130004144,!a0cb4a5c,,,,,,,-30,7.25,0
2026-04-22T02:50:26.160069,1130004144,!a0cb4a5c,27.8899993896484,65.0068359375,927.334838867188,,,,-30,7.25,0
2026-04-22T02:53:00.189397,1130004144,!a0cb4a5c,,,,,,,-29,9.5,0
2026-04-22T02:53:26.226276,1130004144,!a0cb4a5c,27.8700008392334,65.060546875,927.463073730469,,,,-30,7.25,0
2026-04-22T02:56:00.106535,1130004144,!a0cb4a5c,,,,,,,-30,7,0
2026-04-22T02:56:26.373062,1130004144,!a0cb4a5c,27.8199996948242,65.087890625,927.386413574219,,,,-30,7,0
2026-04-22T02:59:00.121912,1130004144,!a0cb4a5c,,,,,,,-30,7.25,0
2026-04-22T02:59:26.202607,1130004144,!a0cb4a5c,27.7800006866455,65.126953125,927.436157226562,,,,-30,7.75,0
2026-04-22T03:01:59.509443,1130004144,!a0cb4a5c,,,,,,,-30,7,0
2026-04-22T03:02:26.766156,1130004144,!a0cb4a5c,27.7299995422363,65.189453125,927.450561523438,,,,-30,7.25,0
2026-04-22T03:05:00.295472,1130004144,!a0cb4a5c,,,,,,,-30,7.25,0
2026-04-22T03:05:26.329878,1130004144,!a0cb4a5c,27.6900005340576,65.2978515625,927.333740234375,,,,-30,7.25,0
2026-04-22T03:08:00.374504,1130004144,!a0cb4a5c,,,,,,,-30,7,0
2026-04-22T03:08:26.509728,1130004144,!a0cb4a5c,27.6599998474121,65.408203125,927.315307617188,,,,-31,7,0
2026-04-22T03:10:59.460070,1130004144,!a0cb4a5c,,,,,,,-30,7.25,0
2026-04-22T03:11:26.316830,1130004144,!a0cb4a5c,27.6299991607666,65.505859375,927.28955078125,,,,-30,7,0
2026-04-22T03:13:59.713957,1130004144,!a0cb4a5c,,,,,,,-31,7.25,0
2026-04-22T03:14:26.351704,1130004144,!a0cb4a5c,27.6100006103516,65.5263671875,927.314208984375,,,,-30,7,0
2026-04-22T03:17:00.259293,1130004144,!a0cb4a5c,,,,,,,-31,7.5,0
2026-04-22T03:17:26.353445,1130004144,!a0cb4a5c,27.5799999237061,65.625,927.296081542969,,,,-31,7.5,0
2026-04-22T03:19:59.645612,1130004144,!a0cb4a5c,,,,,,,-30,7,0
2026-04-22T03:20:26.334719,1130004144,!a0cb4a5c,27.5400009155273,65.666015625,927.222473144531,,,,-29,7.5,0
2026-04-22T03:22:59.519109,1130004144,!a0cb4a5c,,,,,,,-30,7.25,0
2026-04-22T03:23:26.499600,1130004144,!a0cb4a5c,27.5100002288818,65.7646484375,927.287353515625,,,,-31,7,0
2026-04-22T03:25:59.791560,1130004144,!a0cb4a5c,,,,,,,-30,7.25,0
2026-04-22T03:26:26.324285,1130004144,!a0cb4a5c,27.4899997711182,65.8515625,927.276611328125,,,,-30,7.25,0
2026-04-22T03:28:59.641032,1130004144,!a0cb4a5c,,,,,,,-30,7.25,0
2026-04-22T03:29:26.582743,1130004144,!a0cb4a5c,27.4799995422363,65.94140625,927.296691894531,,,,-30,7.75,0
2026-04-22T03:31:59.913071,1130004144,!a0cb4a5c,,,,,,,-30,7,0
2026-04-22T03:32:26.598908,1130004144,!a0cb4a5c,27.4799995422363,65.9755859375,927.26123046875,,,,-30,7.5,0
2026-04-22T03:35:00.252163,1130004144,!a0cb4a5c,,,,,,,-30,7,0
2026-04-22T03:35:26.377025,1130004144,!a0cb4a5c,27.4599990844727,66.0078125,927.265930175781,,,,-30,7.25,0
2026-04-22T03:37:59.592946,1130004144,!a0cb4a5c,,,,,,,-31,7,0
2026-04-22T03:38:27.262609,1130004144,!a0cb4a5c,27.4400005340576,66.0966796875,927.235412597656,,,,-30,7.75,0
2026-04-22T03:40:59.845121,1130004144,!a0cb4a5c,,,,,,,-30,7,0
2026-04-22T03:41:26.556717,1130004144,!a0cb4a5c,27.4300003051758,66.12890625,927.275451660156,,,,-30,7,0
2026-04-22T03:43:59.788817,1130004144,!a0cb4a5c,,,,,,,-31,7,0
2026-04-22T03:44:26.670110,1130004144,!a0cb4a5c,27.4200000762939,66.1953125,927.280151367188,,,,-30,7,0
2026-04-22T03:47:00.666541,1130004144,!a0cb4a5c,,,,,,,-30,6.75,0
2026-04-22T03:47:26.592006,1130004144,!a0cb4a5c,27.4200000762939,66.2978515625,927.224670410156,,,,-30,7.25,0
2026-04-22T03:49:59.862349,1130004144,!a0cb4a5c,,,,,,,-30,7.5,0
2026-04-22T03:50:27.002754,1130004144,!a0cb4a5c,27.4200000762939,66.333984375,927.204711914062,,,,-30,7.25,0
2026-04-22T03:53:00.555985,1130004144,!a0cb4a5c,,,,,,,-29,9.25,0
2026-04-22T03:53:26.771630,1130004144,!a0cb4a5c,27.4200000762939,66.35546875,927.280151367188,,,,-30,9.5,0
2026-04-22T03:56:00.231725,1130004144,!a0cb4a5c,,,,,,,-30,7.25,0
2026-04-22T03:56:26.604755,1130004144,!a0cb4a5c,27.3899993896484,66.408203125,927.186462402344,,,,-30,9.5,0
2026-04-22T03:59:00.739538,1130004144,!a0cb4a5c,,,,,,,-30,7,0
2026-04-22T03:59:26.474089,1130004144,!a0cb4a5c,27.3799991607666,66.4755859375,927.163452148438,,,,-31,7.75,0
2026-04-22T04:02:00.614917,1130004144,!a0cb4a5c,,,,,,,-30,7.25,0
2026-04-22T04:02:26.824271,1130004144,!a0cb4a5c,27.3700008392334,66.4736328125,927.266723632812,,,,-30,7,0
2026-04-22T04:05:00.420092,1130004144,!a0cb4a5c,,,,,,,-31,7.5,0
2026-04-22T04:05:26.794896,1130004144,!a0cb4a5c,27.3799991607666,66.544921875,927.2265625,,,,-30,7.5,0
2026-04-22T04:07:59.760067,1130004144,!a0cb4a5c,,,,,,,-31,7,0
2026-04-22T04:08:26.861163,1130004144,!a0cb4a5c,27.3500003814697,66.57421875,927.235961914062,,,,-30,7.25,0
2026-04-22T04:11:00.678022,1130004144,!a0cb4a5c,,,,,,,-30,7.25,0
2026-04-22T04:11:26.701441,1130004144,!a0cb4a5c,27.3500003814697,66.642578125,927.228271484375,,,,-31,7.5,0
2026-04-22T04:14:00.427631,1130004144,!a0cb4a5c,,,,,,,-30,7,0
2026-04-22T04:14:26.896164,1130004144,!a0cb4a5c,27.3400001525879,66.6865234375,927.248291015625,,,,-30,7.5,0
2026-04-22T04:17:00.189972,1130004144,!a0cb4a5c,,,,,,,-31,7.25,0
2026-04-22T04:17:26.738547,1130004144,!a0cb4a5c,27.3199996948242,66.71875,927.134521484375,,,,-30,7,0
2026-04-22T04:20:00.600294,1130004144,!a0cb4a5c,,,,,,,-30,7.25,0
2026-04-22T04:20:26.913594,1130004144,!a0cb4a5c,27.3299999237061,66.7763671875,927.14990234375,,,,-30,7.5,0
2026-04-22T04:23:00.468296,1130004144,!a0cb4a5c,,,,,,,-30,7,0
2026-04-22T04:23:26.854202,1130004144,!a0cb4a5c,27.3299999237061,66.7998046875,927.122192382812,,,,-30,7.5,0
2026-04-22T04:26:00.735195,1130004144,!a0cb4a5c,,,,,,,-30,7.5,0
2026-04-22T04:26:26.743993,1130004144,!a0cb4a5c,27.3199996948242,66.8544921875,927.043579101562,,,,-30,7.25,0
2026-04-22T04:29:00.706607,1130004144,!a0cb4a5c,,,,,,,-31,7.25,0
2026-04-22T04:29:26.813940,1130004144,!a0cb4a5c,27.2999992370605,66.8984375,927.020446777344,,,,-30,7.25,0
2026-04-22T04:32:00.193377,1130004144,!a0cb4a5c,,,,,,,-30,7.5,0
2026-04-22T04:32:26.715358,1130004144,!a0cb4a5c,27.3099994659424,66.9326171875,926.972717285156,,,,-30,7,0
2026-04-22T04:35:00.015988,1130004144,!a0cb4a5c,,,,,,,-30,7,0
2026-04-22T04:35:27.151051,1130004144,!a0cb4a5c,27.3099994659424,66.978515625,926.917175292969,,,,-30,8.75,0
2026-04-22T04:38:00.203095,1130004144,!a0cb4a5c,,,,,,,-30,7.5,0
2026-04-22T04:38:27.291216,1130004144,!a0cb4a5c,27.2999992370605,66.966796875,926.965026855469,,,,-31,7.5,0
2026-04-22T04:41:00.122093,1130004144,!a0cb4a5c,,,,,,,-30,7.5,0
2026-04-22T04:41:26.961177,1130004144,!a0cb4a5c,27.2999992370605,66.9892578125,926.881774902344,,,,-30,7.5,0
2026-04-22T04:44:00.044961,1130004144,!a0cb4a5c,,,,,,,-31,7.25,0
2026-04-22T04:44:27.041342,1130004144,!a0cb4a5c,27.2900009155273,67.009765625,926.866394042969,,,,-30,7.5,0
2026-04-22T04:47:00.642509,1130004144,!a0cb4a5c,,,,,,,-30,7.25,0
2026-04-22T04:47:26.820015,1130004144,!a0cb4a5c,27.2700004577637,67.0068359375,926.891418457031,,,,-30,7.5,0
2026-04-22T04:50:00.818606,1130004144,!a0cb4a5c,,,,,,,-30,7.5,0
2026-04-22T04:50:27.642389,1130004144,!a0cb4a5c,27.25,67.083984375,926.888427734375,,,,-30,9.75,0
2026-04-22T04:53:00.863399,1130004144,!a0cb4a5c,,,,,,,-31,7.25,0
2026-04-22T04:53:27.128703,1130004144,!a0cb4a5c,27.25,67.107421875,926.888427734375,,,,-30,9.25,0
2026-04-22T04:56:00.932540,1130004144,!a0cb4a5c,,,,,,,-30,7.25,0
2026-04-22T04:56:27.066333,1130004144,!a0cb4a5c,27.2600002288818,67.1435546875,926.903747558594,,,,-30,7.75,0
2026-04-22T04:59:00.846893,1130004144,!a0cb4a5c,,,,,,,-30,7,0
2026-04-22T04:59:27.172964,1130004144,!a0cb4a5c,27.2600002288818,67.0859375,926.951538085938,,,,-31,7.5,0
2026-04-22T05:02:00.211046,1130004144,!a0cb4a5c,,,,,,,-30,7.25,0
2026-04-22T05:02:27.632812,1130004144,!a0cb4a5c,27.25,67.1396484375,926.936157226562,,,,-30,9,0
2026-04-22T05:05:00.827983,1130004144,!a0cb4a5c,,,,,,,-30,8.25,0
2026-04-22T05:05:27.465235,1130004144,!a0cb4a5c,27.25,67.15234375,926.888427734375,,,,-30,7.5,0
2026-04-22T05:08:00.793248,1130004144,!a0cb4a5c,,,,,,,-30,7,0
2026-04-22T05:08:26.932114,1130004144,!a0cb4a5c,27.2399997711182,67.12890625,926.928466796875,,,,-30,7.25,0
2026-04-22T05:11:00.133649,1130004144,!a0cb4a5c,,,,,,,-30,7,0
2026-04-22T05:11:27.091414,1130004144,!a0cb4a5c,27.2199993133545,67.1259765625,926.953430175781,,,,-31,7.75,0
2026-04-22T05:14:00.293506,1130004144,!a0cb4a5c,,,,,,,-31,7,0
2026-04-22T05:14:27.204046,1130004144,!a0cb4a5c,27.2199993133545,67.1474609375,926.973571777344,,,,-30,7.25,0
2026-04-22T05:17:01.034078,1130004144,!a0cb4a5c,,,,,,,-30,9.5,0
2026-04-22T05:17:33.649336,1130004144,!a0cb4a5c,27.2099990844727,67.1357421875,927.021301269531,,,,-79,7.5,1
2026-04-22T05:20:00.902082,1130004144,!a0cb4a5c,,,,,,,-30,7,0
2026-04-22T05:20:27.165646,1130004144,!a0cb4a5c,27.2099990844727,67.158203125,927.076782226562,,,,-30,7.5,0
2026-04-22T05:23:00.680617,1130004144,!a0cb4a5c,,,,,,,-31,7,0
2026-04-22T05:23:27.315340,1130004144,!a0cb4a5c,27.2000007629395,67.1796875,927.144714355469,,,,-30,6.75,0
2026-04-22T05:26:00.305569,1130004144,!a0cb4a5c,,,,,,,-31,7,0
2026-04-22T05:26:27.046006,1130004144,!a0cb4a5c,27.2000007629395,67.21484375,927.089111328125,,,,-30,7,0
2026-04-22T05:29:00.371129,1130004144,!a0cb4a5c,,,,,,,-31,7.5,0
2026-04-22T05:29:27.354134,1130004144,!a0cb4a5c,27.2000007629395,67.1689453125,927.116882324219,,,,-30,7.5,0
2026-04-22T05:32:01.028841,1130004144,!a0cb4a5c,,,,,,,-30,7.5,0
2026-04-22T05:32:27.224431,1130004144,!a0cb4a5c,27.2000007629395,67.21484375,927.144714355469,,,,-31,7,0
2026-04-22T05:35:00.540859,1130004144,!a0cb4a5c,,,,,,,-30,7.25,0
2026-04-22T05:35:27.284548,1130004144,!a0cb4a5c,27.1900005340576,67.201171875,927.129211425781,,,,-30,7,0
2026-04-22T05:38:05.822287,1130004144,!a0cb4a5c,,,,,,,-80,7.25,1
2026-04-22T05:38:27.163010,1130004144,!a0cb4a5c,27.1800003051758,67.2119140625,927.169677734375,,,,-30,7.5,0
2026-04-22T05:41:00.913013,1130004144,!a0cb4a5c,,,,,,,-31,7.5,0
2026-04-22T05:41:27.088144,1130004144,!a0cb4a5c,27.1499996185303,67.162109375,927.186584472656,,,,-31,6.75,0
2026-04-22T05:44:01.088574,1130004144,!a0cb4a5c,,,,,,,-30,7.25,0
2026-04-22T05:44:27.198397,1130004144,!a0cb4a5c,27.1200008392334,67.236328125,927.223876953125,,,,-30,7,0
2026-04-22T05:47:00.499834,1130004144,!a0cb4a5c,,,,,,,-30,7.25,0
2026-04-22T05:47:27.335410,1130004144,!a0cb4a5c,27.1200008392334,67.2705078125,927.327209472656,,,,-30,7.5,0
2026-04-22T05:50:01.116265,1130004144,!a0cb4a5c,,,,,,,-30,7,0
2026-04-22T05:50:27.490762,1130004144,!a0cb4a5c,27.1000003814697,67.2431640625,927.43505859375,,,,-30,7.75,0
2026-04-22T05:53:00.719428,1130004144,!a0cb4a5c,,,,,,,-30,7.5,0
2026-04-22T05:53:29.872024,1130004144,!a0cb4a5c,27.0799999237061,67.263671875,927.460083007812,,,,-79,7.5,1
2026-04-22T05:56:01.604497,1130004144,!a0cb4a5c,,,,,,,-30,7,0
2026-04-22T05:56:27.511491,1130004144,!a0cb4a5c,27.0400009155273,67.2939453125,927.51708984375,,,,-31,7.25,0
2026-04-22T05:59:01.112244,1130004144,!a0cb4a5c,,,,,,,-30,7,0
2026-04-22T05:59:27.305657,1130004144,!a0cb4a5c,27.0300006866455,67.3037109375,927.585144042969,,,,-31,7,0
2026-04-22T06:02:00.643999,1130004144,!a0cb4a5c,,,,,,,-31,7.5,0
2026-04-22T06:02:27.275400,1130004144,!a0cb4a5c,27.0100002288818,67.3564453125,927.637634277344,,,,-30,7,0
2026-04-22T06:05:00.377710,1130004144,!a0cb4a5c,,,,,,,-31,7,0
2026-04-22T06:05:27.565442,1130004144,!a0cb4a5c,27.0100002288818,67.4365234375,927.768615722656,,,,-31,7.75,0
2026-04-22T06:08:00.682754,1130004144,!a0cb4a5c,,,,,,,-30,6.75,0
2026-04-22T06:08:27.582540,1130004144,!a0cb4a5c,27,67.423828125,927.753112792969,,,,-30,7.75,0
2026-04-22T06:11:00.736581,1130004144,!a0cb4a5c,,,,,,,-30,7,0
2026-04-22T06:11:27.472756,1130004144,!a0cb4a5c,27,67.48046875,927.816345214844,,,,-30,7.25,0
2026-04-22T06:14:01.978981,1130004144,!a0cb4a5c,,,,,,,-30,8.5,0
2026-04-22T06:14:27.284908,1130004144,!a0cb4a5c,26.9899997711182,67.4794921875,927.828674316406,,,,-30,7,0
2026-04-22T06:17:00.574910,1130004144,!a0cb4a5c,,,,,,,-30,7,0
2026-04-22T06:17:27.302798,1130004144,!a0cb4a5c,26.9899997711182,67.45703125,927.931884765625,,,,-30,7,0
2026-04-22T06:20:00.690973,1130004144,!a0cb4a5c,,,,,,,-31,7,0
2026-04-22T06:20:27.509830,1130004144,!a0cb4a5c,26.9699993133545,67.48828125,927.909057617188,,,,-30,6.75,0
2026-04-22T06:23:00.839356,1130004144,!a0cb4a5c,,,,,,,-30,7,0
2026-04-22T06:23:27.431848,1130004144,!a0cb4a5c,26.9599990844727,67.5771484375,927.830444335938,,,,-30,7,0
2026-04-22T06:26:00.814499,1130004144,!a0cb4a5c,,,,,,,-30,9.25,0
2026-04-22T06:26:27.595767,1130004144,!a0cb4a5c,26.9599990844727,67.5771484375,927.885925292969,,,,-30,7,0
2026-04-22T06:29:01.273067,1130004144,!a0cb4a5c,,,,,,,-30,7.25,0
2026-04-22T06:29:27.471602,1130004144,!a0cb4a5c,26.9699993133545,67.63671875,927.956848144531,,,,-30,7.25,0
2026-04-22T06:32:00.649210,1130004144,!a0cb4a5c,,,,,,,-31,7.25,0
2026-04-22T06:32:27.747313,1130004144,!a0cb4a5c,27,67.6630859375,927.982788085938,,,,-30,7.25,0
2026-04-22T06:35:00.826511,1130004144,!a0cb4a5c,,,,,,,-31,7,0
2026-04-22T06:35:27.471792,1130004144,!a0cb4a5c,27.0300006866455,67.64453125,927.965759277344,,,,-30,7,0
2026-04-22T06:38:01.370076,1130004144,!a0cb4a5c,,,,,,,-30,7,0
2026-04-22T06:38:27.683384,1130004144,!a0cb4a5c,27.0300006866455,67.6787109375,927.827209472656,,,,-30,7,0
2026-04-22T06:41:01.233738,1130004144,!a0cb4a5c,,,,,,,-30,7,0
2026-04-22T06:41:27.585599,1130004144,!a0cb4a5c,27.0400009155273,67.646484375,927.925476074219,,,,-30,7,0
2026-04-22T06:44:01.484319,1130004144,!a0cb4a5c,,,,,,,-30,7,0
2026-04-22T06:44:27.837453,1130004144,!a0cb4a5c,27.0499992370605,67.625,927.968566894531,,,,-31,7.75,0
2026-04-22T06:47:01.210346,1130004144,!a0cb4a5c,,,,,,,-30,7,0
2026-04-22T06:47:27.779832,1130004144,!a0cb4a5c,27.0699996948242,67.6748046875,927.999389648438,,,,-30,8,0
2026-04-22T06:50:01.779561,1130004144,!a0cb4a5c,,,,,,,-30,7,0
2026-04-22T06:50:27.637814,1130004144,!a0cb4a5c,27.1100006103516,67.759765625,928.005310058594,,,,-30,7,0
2026-04-22T06:53:00.635788,1130004144,!a0cb4a5c,,,,,,,-30,7.25,0
2026-04-22T06:53:27.848422,1130004144,!a0cb4a5c,27.1599998474121,67.80078125,928.109741210938,,,,-30,7.25,0
2026-04-22T06:56:01.202148,1130004144,!a0cb4a5c,,,,,,,-30,7,0
2026-04-22T06:56:27.769054,1130004144,!a0cb4a5c,27.2399997711182,67.82421875,928.09375,,,,-30,7,0
2026-04-22T06:59:00.647543,1130004144,!a0cb4a5c,,,,,,,-30,7,0
2026-04-22T06:59:27.659335,1130004144,!a0cb4a5c,27.3199996948242,67.734375,928.216735839844,,,,-30,7,0
2026-04-22T07:02:00.708459,1130004144,!a0cb4a5c,,,,,,,-31,7.25,0
2026-04-22T07:02:27.756935,1130004144,!a0cb4a5c,27.4099998474121,67.677734375,928.216064453125,,,,-30,7,0
2026-04-22T07:05:01.397043,1130004144,!a0cb4a5c,,,,,,,-30,7.5,0
2026-04-22T07:05:27.824341,1130004144,!a0cb4a5c,27.5,67.646484375,928.152526855469,,,,-30,7,0
2026-04-22T07:08:01.241663,1130004144,!a0cb4a5c,,,,,,,-30,7,0
2026-04-22T07:08:27.648331,1130004144,!a0cb4a5c,27.6299991607666,67.5966796875,928.288879394531,,,,-31,7.25,0
2026-04-22T07:11:01.732676,1130004144,!a0cb4a5c,,,,,,,-30,7,0
2026-04-22T07:11:27.905302,1130004144,!a0cb4a5c,27.7600002288818,67.4677734375,928.349548339844,,,,-31,7.25,0
2026-04-22T07:14:00.771020,1130004144,!a0cb4a5c,,,,,,,-30,6.75,0
2026-04-22T07:14:27.660606,1130004144,!a0cb4a5c,27.8799991607666,67.3134765625,928.311584472656,,,,-30,7.5,0
2026-04-22T07:17:00.881038,1130004144,!a0cb4a5c,,,,,,,-30,7,0
2026-04-22T07:17:27.867842,1130004144,!a0cb4a5c,28.0400009155273,67.212890625,928.41064453125,,,,-30,7.5,0
2026-04-22T07:20:01.411216,1130004144,!a0cb4a5c,,,,,,,-30,6.75,0
2026-04-22T07:20:27.758633,1130004144,!a0cb4a5c,28.1900005340576,67.1083984375,928.426513671875,,,,-30,7.5,0
2026-04-22T07:23:00.878071,1130004144,!a0cb4a5c,,,,,,,-30,7,0
2026-04-22T07:23:27.919343,1130004144,!a0cb4a5c,28.3799991607666,66.896484375,928.460083007812,,,,-30,7,0
2026-04-22T07:26:01.019370,1130004144,!a0cb4a5c,,,,,,,-31,7.25,0
2026-04-22T07:26:27.875514,1130004144,!a0cb4a5c,28.5799999237061,66.7763671875,928.536743164062,,,,-30,7.25,0
2026-04-22T07:29:01.439926,1130004144,!a0cb4a5c,,,,,,,-31,7.25,0
2026-04-22T07:29:28.492968,1130004144,!a0cb4a5c,28.7800006866455,66.5537109375,928.510070800781,,,,-30,7,0
2026-04-22T07:32:01.532931,1130004144,!a0cb4a5c,,,,,,,-30,7.25,0
2026-04-22T07:32:27.818015,1130004144,!a0cb4a5c,29.0200004577637,66.3271484375,928.572326660156,,,,-30,7,0
2026-04-22T07:35:00.984195,1130004144,!a0cb4a5c,,,,,,,-30,7.5,0
2026-04-22T07:35:28.750892,1130004144,!a0cb4a5c,29.2600002288818,66.1201171875,928.654235839844,,,,-30,7.25,0
2026-04-22T07:38:01.130004,1130004144,!a0cb4a5c,,,,,,,-31,7,0
2026-04-22T07:38:28.015794,1130004144,!a0cb4a5c,29.5200004577637,65.904296875,928.794860839844,,,,-30,7,0
2026-04-22T07:41:00.956565,1130004144,!a0cb4a5c,,,,,,,-30,7,0
2026-04-22T07:41:28.181473,1130004144,!a0cb4a5c,29.7399997711182,65.431640625,928.762512207031,,,,-30,7,0
2026-04-22T07:44:01.543440,1130004144,!a0cb4a5c,,,,,,,-30,7.25,0
2026-04-22T07:44:28.566921,1130004144,!a0cb4a5c,29.9400005340576,65.0712890625,928.74267578125,,,,-31,7.5,0
2026-04-22T07:47:01.129967,1130004144,!a0cb4a5c,,,,,,,-31,7,0
2026-04-22T07:47:28.009218,1130004144,!a0cb4a5c,30.1399993896484,64.6728515625,928.782836914062,,,,-30,7.25,0
2026-04-22T07:50:01.060938,1130004144,!a0cb4a5c,,,,,,,-31,7.25,0
2026-04-22T07:50:28.210855,1130004144,!a0cb4a5c,30.2900009155273,64.201171875,928.76171875,,,,-31,7.25,0
2026-04-22T07:53:00.981128,1130004144,!a0cb4a5c,,,,,,,-30,7,0
2026-04-22T07:53:28.694277,1130004144,!a0cb4a5c,30.3999996185303,63.7431640625,928.762939453125,,,,-30,7,0
2026-04-22T07:56:00.948617,1130004144,!a0cb4a5c,,,,,,,-30,7,0
2026-04-22T07:56:28.067845,1130004144,!a0cb4a5c,30.5100002288818,63.3447265625,928.868286132812,,,,-31,7.25,0
2026-04-22T07:59:00.963909,1130004144,!a0cb4a5c,,,,,,,-31,7,0
2026-04-22T07:59:28.007689,1130004144,!a0cb4a5c,30.5699996948242,62.9501953125,928.828491210938,,,,-30,7.5,0
2026-04-22T08:02:01.025440,1130004144,!a0cb4a5c,,,,,,,-30,7,0
2026-04-22T08:02:28.171046,1130004144,!a0cb4a5c,30.6299991607666,62.669921875,928.892272949219,,,,-30,7,0
2026-04-22T08:05:01.135007,1130004144,!a0cb4a5c,,,,,,,-30,7,0
2026-04-22T08:05:28.653657,1130004144,!a0cb4a5c,30.7299995422363,62.408203125,928.877990722656,,,,-31,6.75,0
2026-04-22T08:08:01.296567,1130004144,!a0cb4a5c,,,,,,,-30,6.75,0
2026-04-22T08:08:28.043090,1130004144,!a0cb4a5c,30.8400001525879,62.228515625,928.907043457031,,,,-31,7,0
2026-04-22T08:11:01.167450,1130004144,!a0cb4a5c,,,,,,,-30,6.75,0
2026-04-22T08:11:28.105709,1130004144,!a0cb4a5c,30.9899997711182,62.041015625,928.877807617188,,,,-30,7,0
2026-04-22T08:14:01.244993,1130004144,!a0cb4a5c,,,,,,,-30,7.75,0
2026-04-22T08:14:29.007792,1130004144,!a0cb4a5c,31.1700000762939,61.7998046875,928.978576660156,,,,-30,7.25,0
2026-04-22T08:17:01.214985,1130004144,!a0cb4a5c,,,,,,,-30,7,0
2026-04-22T08:17:28.142952,1130004144,!a0cb4a5c,31.3199996948242,61.5087890625,929.048461914062,,,,-30,7,0
2026-04-22T08:20:01.249957,1130004144,!a0cb4a5c,,,,,,,-30,7.5,0
2026-04-22T08:20:29.038287,1130004144,!a0cb4a5c,31.4699993133545,61.11328125,929.046875,,,,-30,7.25,0
2026-04-22T08:23:01.107089,1130004144,!a0cb4a5c,,,,,,,-30,6.75,0
2026-04-22T08:23:28.206791,1130004144,!a0cb4a5c,31.6000003814697,60.75,929.022521972656,,,,-30,7.25,0
2026-04-22T08:26:02.415427,1130004144,!a0cb4a5c,,,,,,,-30,7.5,0
2026-04-22T08:26:28.126076,1130004144,!a0cb4a5c,31.6700000762939,60.2861328125,929.010314941406,,,,-30,7.75,0
2026-04-22T08:29:01.716968,1130004144,!a0cb4a5c,,,,,,,-30,7.25,0
2026-04-22T08:29:28.955209,1130004144,!a0cb4a5c,31.7199993133545,60.095703125,929.066589355469,,,,-30,7.25,0
2026-04-22T08:32:01.483917,1130004144,!a0cb4a5c,,,,,,,-31,7.25,0
2026-04-22T08:32:28.286243,1130004144,!a0cb4a5c,31.8600006103516,59.9287109375,929.125915527344,,,,-30,7.25,0
2026-04-22T08:35:01.698078,1130004144,!a0cb4a5c,,,,,,,-31,7.25,0
2026-04-22T08:35:28.448898,1130004144,!a0cb4a5c,31.9899997711182,59.7373046875,929.024841308594,,,,-30,7.75,0
2026-04-22T08:38:02.285344,1130004144,!a0cb4a5c,,,,,,,-30,7.25,0
2026-04-22T08:38:28.588106,1130004144,!a0cb4a5c,32.1399993896484,59.5732421875,928.947021484375,,,,-30,7,0
2026-04-22T08:41:01.356259,1130004144,!a0cb4a5c,,,,,,,-30,7.5,0
2026-04-22T08:41:28.483048,1130004144,!a0cb4a5c,32.3199996948242,59.3076171875,928.934814453125,,,,-30,7.5,0
2026-04-22T08:44:01.321899,1130004144,!a0cb4a5c,,,,,,,-30,7.5,0
2026-04-22T08:44:28.218403,1130004144,!a0cb4a5c,32.5,58.923828125,928.95068359375,,,,-30,7.25,0
2026-04-22T08:47:02.047564,1130004144,!a0cb4a5c,,,,,,,-30,7.25,0
2026-04-22T08:47:28.328263,1130004144,!a0cb4a5c,32.6699981689453,58.5400390625,929.007507324219,,,,-30,7.5,0
2026-04-22T08:50:01.560343,1130004144,!a0cb4a5c,,,,,,,-30,7,0
2026-04-22T08:50:28.585666,1130004144,!a0cb4a5c,32.7999992370605,58.1650390625,929.045776367188,,,,-30,7.25,0
2026-04-22T08:53:01.274270,1130004144,!a0cb4a5c,,,,,,,-30,7,0
2026-04-22T08:53:28.996301,1130004144,!a0cb4a5c,32.9000015258789,57.7490234375,928.946716308594,,,,-31,7.75,0
2026-04-22T08:56:01.387502,1130004144,!a0cb4a5c,,,,,,,-30,9.75,0
2026-04-22T08:56:28.574009,1130004144,!a0cb4a5c,33.0099983215332,57.4140625,929.023193359375,,,,-30,7,0
2026-04-22T08:59:01.880367,1130004144,!a0cb4a5c,,,,,,,-30,7,0
2026-04-22T08:59:28.606907,1130004144,!a0cb4a5c,33.1199989318848,57.1494140625,929.051330566406,,,,-30,7.5,0
2026-04-22T09:02:02.234865,1130004144,!a0cb4a5c,,,,,,,-30,7,0
2026-04-22T09:02:29.336561,1130004144,!a0cb4a5c,33.2299995422363,56.849609375,929.015991210938,,,,-30,7,0
2026-04-22T09:05:01.960742,1130004144,!a0cb4a5c,,,,,,,-30,7.25,0
2026-04-22T09:05:28.581652,1130004144,!a0cb4a5c,33.3400001525879,56.5390625,929.051696777344,,,,-29,9.25,0
2026-04-22T09:08:01.410790,1130004144,!a0cb4a5c,,,,,,,-30,7.25,0
2026-04-22T09:08:35.093347,1130004144,!a0cb4a5c,33.4599990844727,56.181640625,929.031066894531,,,,-80,7.5,1
2026-04-22T09:11:02.056321,1130004144,!a0cb4a5c,,,,,,,-30,7.25,0
2026-04-22T09:11:28.712291,1130004144,!a0cb4a5c,33.5699996948242,55.880859375,928.967346191406,,,,-30,7.25,0
2026-04-22T09:14:01.383267,1130004144,!a0cb4a5c,,,,,,,-30,7.75,0
2026-04-22T09:14:28.730970,1130004144,!a0cb4a5c,33.6800003051758,55.5703125,929.003112792969,,,,-30,7.25,0
2026-04-22T09:17:02.235071,1130004144,!a0cb4a5c,,,,,,,-30,7.25,0
2026-04-22T09:17:28.553530,1130004144,!a0cb4a5c,33.7999992370605,55.3525390625,929.018310546875,,,,-30,6.75,0
2026-04-22T09:20:02.526011,1130004144,!a0cb4a5c,,,,,,,-30,7,0
2026-04-22T09:20:28.591824,1130004144,!a0cb4a5c,33.9700012207031,55.15234375,929.017639160156,,,,-31,7.25,0
2026-04-22T09:23:02.423042,1130004144,!a0cb4a5c,,,,,,,-30,7.25,0
2026-04-22T09:23:28.562270,1130004144,!a0cb4a5c,34.1699981689453,54.884765625,929.090942382812,,,,-30,7.5,0
2026-04-22T09:26:01.592890,1130004144,!a0cb4a5c,,,,,,,-30,7.5,0
2026-04-22T09:26:28.929046,1130004144,!a0cb4a5c,34.3699989318848,54.5234375,929.08056640625,,,,-30,7.25,0
2026-04-22T09:29:07.259611,1130004144,!a0cb4a5c,,,,,,,-78,7.75,1
2026-04-22T09:29:28.788897,1130004144,!a0cb4a5c,34.5099983215332,54.0751953125,929.013427734375,,,,-30,7.25,0
2026-04-22T09:32:02.485690,1130004144,!a0cb4a5c,,,,,,,-30,7,0
2026-04-22T09:32:29.193013,1130004144,!a0cb4a5c,34.6399993896484,53.845703125,929.043273925781,,,,-30,7.5,0
2026-04-22T09:35:01.492602,1130004144,!a0cb4a5c,,,,,,,-30,7.5,0
2026-04-22T09:35:28.784148,1130004144,!a0cb4a5c,34.7900009155273,53.5146484375,929.019714355469,,,,-30,7,0
2026-04-22T09:38:01.892799,1130004144,!a0cb4a5c,,,,,,,-30,7.25,0
2026-04-22T09:38:28.573302,1130004144,!a0cb4a5c,34.9000015258789,53.0966796875,928.934814453125,,,,-29,7.25,0
2026-04-22T09:41:01.855419,1130004144,!a0cb4a5c,,,,,,,-30,7.25,0
2026-04-22T09:41:28.668502,1130004144,!a0cb4a5c,34.9900016784668,52.8154296875,928.98779296875,,,,-30,7.25,0
2026-04-22T09:44:01.822510,1130004144,!a0cb4a5c,,,,,,,-30,7,0
2026-04-22T09:44:31.319753,1130004144,!a0cb4a5c,35.0800018310547,52.5693359375,928.956726074219,,,,-79,7.5,1
2026-04-22T09:47:01.766655,1130004144,!a0cb4a5c,,,,,,,-29,7.5,0
2026-04-22T09:47:28.851570,1130004144,!a0cb4a5c,35.2299995422363,52.5625,928.981384277344,,,,-30,7.25,0
2026-04-22T09:50:01.828455,1130004144,!a0cb4a5c,,,,,,,-30,7.25,0
2026-04-22T09:50:28.939151,1130004144,!a0cb4a5c,35.4500007629395,52.3427734375,928.923095703125,,,,-30,7.25,0
2026-04-22T09:53:01.891950,1130004144,!a0cb4a5c,,,,,,,-30,7,0
2026-04-22T09:53:28.940242,1130004144,!a0cb4a5c,35.6699981689453,51.9697265625,929.018737792969,,,,-30,7.25,0
2026-04-22T09:56:02.632142,1130004144,!a0cb4a5c,,,,,,,-30,7.75,0
2026-04-22T09:56:28.782431,1130004144,!a0cb4a5c,35.8899993896484,51.8203125,928.883605957031,,,,-30,7.25,0
2026-04-22T09:59:01.801195,1130004144,!a0cb4a5c,,,,,,,-29,7.25,0
2026-04-22T09:59:29.559578,1130004144,!a0cb4a5c,36.1100006103516,51.236328125,928.986145019531,,,,-29,7.25,0
2026-04-22T10:02:01.937125,1130004144,!a0cb4a5c,,,,,,,-29,8,0
2026-04-22T10:02:28.817123,1130004144,!a0cb4a5c,36.2799987792969,51.0205078125,928.899841308594,,,,-29,8.25,0
2026-04-22T10:05:03.424998,1130004144,!a0cb4a5c,,,,,,,-28,7.75,0
2026-04-22T10:05:28.770961,1130004144,!a0cb4a5c,36.4700012207031,50.76171875,928.964233398438,,,,-29,7.75,0
2026-04-22T10:08:01.699211,1130004144,!a0cb4a5c,,,,,,,-29,7.5,0
2026-04-22T10:08:29.028887,1130004144,!a0cb4a5c,36.6399993896484,50.13671875,928.969848632812,,,,-29,7.75,0
2026-04-22T10:11:02.423414,1130004144,!a0cb4a5c,,,,,,,-30,7.25,0
2026-04-22T10:11:28.808752,1130004144,!a0cb4a5c,36.7000007629395,49.615234375,928.828308105469,,,,-29,7.25,0
2026-04-22T10:14:02.026503,1130004144,!a0cb4a5c,,,,,,,-29,7.5,0
2026-04-22T10:14:29.128873,1130004144,!a0cb4a5c,36.5900001525879,49.087890625,928.921569824219,,,,-30,7,0
2026-04-22T10:17:02.450788,1130004144,!a0cb4a5c,,,,,,,-29,7.25,0
2026-04-22T10:17:29.006356,1130004144,!a0cb4a5c,36.439998626709,49.072265625,928.91845703125,,,,-30,7.5,0
2026-04-22T10:20:01.761309,1130004144,!a0cb4a5c,,,,,,,-29,7.25,0
2026-04-22T10:20:28.861213,1130004144,!a0cb4a5c,36.4300003051758,49.2822265625,928.931274414062,,,,-29,7.75,0
2026-04-22T10:23:01.853494,1130004144,!a0cb4a5c,,,,,,,-30,7,0
2026-04-22T10:23:28.879138,1130004144,!a0cb4a5c,36.3899993896484,48.810546875,928.954833984375,,,,-29,8.25,0
2026-04-22T10:26:02.578970,1130004144,!a0cb4a5c,,,,,,,-30,7.25,0
2026-04-22T10:26:29.094747,1130004144,!a0cb4a5c,36.2299995422363,48.6064453125,928.915771484375,,,,-30,7.75,0
2026-04-22T10:29:02.062985,1130004144,!a0cb4a5c,,,,,,,-29,7.5,0
2026-04-22T10:29:28.898255,1130004144,!a0cb4a5c,36.0400009155273,48.4912109375,928.89990234375,,,,-30,7.5,0
2026-04-22T10:32:02.032542,1130004144,!a0cb4a5c,,,,,,,-30,7.25,0
2026-04-22T10:32:29.126436,1130004144,!a0cb4a5c,35.8199996948242,48.5390625,928.91748046875,,,,-29,8,0
2026-04-22T10:35:02.051435,1130004144,!a0cb4a5c,,,,,,,-30,7.25,0
2026-04-22T10:35:28.952438,1130004144,!a0cb4a5c,35.6399993896484,48.56640625,928.98046875,,,,-29,7.25,0
2026-04-22T10:38:02.140294,1130004144,!a0cb4a5c,,,,,,,-29,8.5,0
2026-04-22T10:38:28.923719,1130004144,!a0cb4a5c,35.4199981689453,48.61328125,928.849426269531,,,,-30,7.5,0
2026-04-22T10:41:01.930328,1130004144,!a0cb4a5c,,,,,,,-30,7.25,0
2026-04-22T10:41:28.965445,1130004144,!a0cb4a5c,35.3199996948242,48.9892578125,928.950012207031,,,,-30,7.25,0
2026-04-22T10:44:02.008448,1130004144,!a0cb4a5c,,,,,,,-30,7.25,0
2026-04-22T10:44:29.292774,1130004144,!a0cb4a5c,35.3400001525879,49.2001953125,928.972961425781,,,,-29,7.75,0
2026-04-22T10:47:02.220656,1130004144,!a0cb4a5c,,,,,,,-30,7.5,0
2026-04-22T10:47:29.070568,1130004144,!a0cb4a5c,35.4099998474121,49.208984375,928.890319824219,,,,-30,7.5,0
2026-04-22T10:50:02.087738,1130004144,!a0cb4a5c,,,,,,,-30,7.25,0
2026-04-22T10:50:29.185459,1130004144,!a0cb4a5c,35.439998626709,49.0244140625,928.872314453125,,,,-30,7.25,0
2026-04-22T10:53:02.005489,1130004144,!a0cb4a5c,,,,,,,-30,7.25,0
2026-04-22T10:53:29.362743,1130004144,!a0cb4a5c,35.3699989318848,48.8193359375,928.857482910156,,,,-30,7.75,0
2026-04-22T10:56:03.330799,1130004144,!a0cb4a5c,,,,,,,-29,7.25,0
2026-04-22T10:56:29.081235,1130004144,!a0cb4a5c,35.2299995422363,48.7451171875,928.833251953125,,,,-29,8,0
2026-04-22T10:59:02.856548,1130004144,!a0cb4a5c,,,,,,,-30,7.5,0
2026-04-22T10:59:29.066852,1130004144,!a0cb4a5c,34.9900016784668,48.84765625,928.811584472656,,,,-29,7.5,0
2026-04-22T11:02:02.667022,1130004144,!a0cb4a5c,,,,,,,-30,8,0
2026-04-22T11:02:29.145412,1130004144,!a0cb4a5c,34.9900016784668,48.84765625,928.811584472656,,,,-30,8,0
2026-04-22T11:05:02.211571,1130004144,!a0cb4a5c,,,,,,,-30,7.5,0
2026-04-22T11:05:29.293387,1130004144,!a0cb4a5c,34.9300003051758,49.1923828125,928.756103515625,,,,-29,7.75,0
2026-04-22T11:08:02.226943,1130004144,!a0cb4a5c,,,,,,,-30,7.5,0
2026-04-22T11:08:29.215036,1130004144,!a0cb4a5c,34.9300003051758,49.2626953125,928.720336914062,,,,-30,7.5,0
2026-04-22T11:11:02.428882,1130004144,!a0cb4a5c,,,,,,,-29,7.25,0
2026-04-22T11:11:29.231824,1130004144,!a0cb4a5c,34.9199981689453,49.2255859375,928.64892578125,,,,-29,7.75,0
2026-04-22T11:14:02.883080,1130004144,!a0cb4a5c,,,,,,,-29,8.25,0
2026-04-22T11:14:29.636008,1130004144,!a0cb4a5c,34.8800010681152,49.22265625,928.651733398438,,,,-30,8.5,0
2026-04-22T11:17:02.254329,1130004144,!a0cb4a5c,,,,,,,-30,7.75,0
2026-04-22T11:17:29.420297,1130004144,!a0cb4a5c,34.8300018310547,49.205078125,928.575561523438,,,,-30,7.75,0
2026-04-22T11:20:02.172872,1130004144,!a0cb4a5c,,,,,,,-30,7.5,0
2026-04-22T11:20:29.289689,1130004144,!a0cb4a5c,34.8499984741211,49.544921875,928.598205566406,,,,-30,8,0
2026-04-22T11:23:02.656734,1130004144,!a0cb4a5c,,,,,,,-29,7.75,0
2026-04-22T11:23:29.494936,1130004144,!a0cb4a5c,35.0200004577637,49.66796875,928.576538085938,,,,-30,7.25,0
2026-04-22T11:26:02.397582,1130004144,!a0cb4a5c,,,,,,,-29,7.75,0
2026-04-22T11:26:29.464182,1130004144,!a0cb4a5c,35.1599998474121,49.671875,928.509033203125,,,,-30,7.5,0
2026-04-22T11:29:02.219572,1130004144,!a0cb4a5c,,,,,,,-29,7.25,0
2026-04-22T11:29:29.386874,1130004144,!a0cb4a5c,35.4599990844727,49.8203125,928.452941894531,,,,-29,7.75,0
2026-04-22T11:32:02.237383,1130004144,!a0cb4a5c,,,,,,,-29,7.5,0
2026-04-22T11:32:29.451478,1130004144,!a0cb4a5c,35.7799987792969,49.6923828125,928.39892578125,,,,-29,7.25,0
2026-04-22T11:35:02.348046,1130004144,!a0cb4a5c,,,,,,,-29,7.75,0
2026-04-22T11:35:29.519492,1130004144,!a0cb4a5c,36,49.0029296875,928.396545410156,,,,-29,8.75,0
2026-04-22T11:38:02.504971,1130004144,!a0cb4a5c,,,,,,,-29,7.5,0
2026-04-22T11:38:29.536479,1130004144,!a0cb4a5c,36.0200004577637,48.6181640625,928.334838867188,,,,-29,8,0
2026-04-22T11:41:02.244487,1130004144,!a0cb4a5c,,,,,,,-29,7.5,0
2026-04-22T11:41:29.915953,1130004144,!a0cb4a5c,35.9599990844727,48.470703125,928.299926757812,,,,-29,7.5,0
2026-04-22T11:44:03.037643,1130004144,!a0cb4a5c,,,,,,,-29,7.25,0
2026-04-22T11:44:29.399587,1130004144,!a0cb4a5c,35.8800010681152,48.416015625,928.241882324219,,,,-29,7.5,0
2026-04-22T11:47:02.512196,1130004144,!a0cb4a5c,,,,,,,-30,7.75,0
2026-04-22T11:47:30.313914,1130004144,!a0cb4a5c,35.8600006103516,48.3681640625,928.218933105469,,,,-30,7.25,0
2026-04-22T11:50:02.376584,1130004144,!a0cb4a5c,,,,,,,-30,7.5,0
2026-04-22T11:50:29.673410,1130004144,!a0cb4a5c,35.8400001525879,48.3310546875,928.132446289062,,,,-30,8.25,0
2026-04-22T11:53:03.166343,1130004144,!a0cb4a5c,,,,,,,-29,7.75,0
2026-04-22T11:53:29.433017,1130004144,!a0cb4a5c,35.8199996948242,48.28125,928.09423828125,,,,-29,8.75,0
2026-04-22T11:56:02.329700,1130004144,!a0cb4a5c,,,,,,,-29,7.75,0
2026-04-22T11:56:29.738932,1130004144,!a0cb4a5c,35.75,48.1689453125,927.939208984375,,,,-29,7.75,0
2026-04-22T11:59:03.009905,1130004144,!a0cb4a5c,,,,,,,-29,7.5,0
2026-04-22T11:59:29.583174,1130004144,!a0cb4a5c,35.6599998474121,48.2421875,927.970642089844,,,,-29,8.25,0
2026-04-22T12:02:02.599680,1130004144,!a0cb4a5c,,,,,,,-29,7.25,0
2026-04-22T12:02:29.646651,1130004144,!a0cb4a5c,35.5800018310547,48.208984375,927.925476074219,,,,-30,8,0
2026-04-22T12:05:02.427311,1130004144,!a0cb4a5c,,,,,,,-29,7,0
2026-04-22T12:05:29.528202,1130004144,!a0cb4a5c,35.4500007629395,48.2548828125,927.770751953125,,,,-29,7.5,0
2026-04-22T12:08:02.329291,1130004144,!a0cb4a5c,,,,,,,-29,7.25,0
2026-04-22T12:08:29.493131,1130004144,!a0cb4a5c,35.3300018310547,48.2646484375,927.756896972656,,,,-29,7.25,0
2026-04-22T12:11:03.304352,1130004144,!a0cb4a5c,,,,,,,-29,7.25,0
2026-04-22T12:11:29.557143,1130004144,!a0cb4a5c,35.2099990844727,48.380859375,927.706848144531,,,,-30,7.5,0
2026-04-22T12:14:02.363691,1130004144,!a0cb4a5c,,,,,,,-29,7.5,0
2026-04-22T12:14:30.505290,1130004144,!a0cb4a5c,35.0699996948242,48.42578125,927.592956542969,,,,-29,7.5,0
2026-04-22T12:17:02.562066,1130004144,!a0cb4a5c,,,,,,,-30,7.5,0
2026-04-22T12:17:29.862547,1130004144,!a0cb4a5c,34.9300003051758,48.5625,927.520324707031,,,,-29,7.5,0
2026-04-22T12:20:02.449539,1130004144,!a0cb4a5c,,,,,,,-29,7.5,0
2026-04-22T12:20:29.689084,1130004144,!a0cb4a5c,34.8499984741211,48.751953125,927.510620117188,,,,-29,7.25,0
2026-04-22T12:23:02.425149,1130004144,!a0cb4a5c,,,,,,,-30,7.5,0
2026-04-22T12:23:29.851021,1130004144,!a0cb4a5c,34.7900009155273,48.873046875,927.467712402344,,,,-30,7.25,0
2026-04-22T12:26:02.708516,1130004144,!a0cb4a5c,,,,,,,-30,7.5,0
2026-04-22T12:26:29.803291,1130004144,!a0cb4a5c,34.75,49.0205078125,927.442565917969,,,,-29,7.5,0
2026-04-22T12:29:03.353543,1130004144,!a0cb4a5c,,,,,,,-30,8,0
2026-04-22T12:29:29.752244,1130004144,!a0cb4a5c,34.75,49.0556640625,927.442565917969,,,,-29,7.25,0
2026-04-22T12:32:02.454085,1130004144,!a0cb4a5c,,,,,,,-29,7.25,0
2026-04-22T12:32:29.770635,1130004144,!a0cb4a5c,34.7400016784668,49.1962890625,927.343139648438,,,,-30,7.5,0
2026-04-22T12:35:02.802239,1130004144,!a0cb4a5c,,,,,,,-29,8,0
2026-04-22T12:35:29.862520,1130004144,!a0cb4a5c,34.7700004577637,49.2333984375,927.325134277344,,,,-30,7.75,0
2026-04-22T12:38:03.254262,1130004144,!a0cb4a5c,,,,,,,-30,7,0
2026-04-22T12:38:29.879772,1130004144,!a0cb4a5c,34.8199996948242,49.37890625,927.345153808594,,,,-30,7,0
2026-04-22T12:41:02.756110,1130004144,!a0cb4a5c,,,,,,,-30,7.25,0
2026-04-22T12:41:29.871955,1130004144,!a0cb4a5c,34.8699989318848,49.2900390625,927.308898925781,,,,-30,7.25,0
2026-04-22T12:44:03.095397,1130004144,!a0cb4a5c,,,,,,,-30,7,0
2026-04-22T12:44:29.718854,1130004144,!a0cb4a5c,34.9300003051758,49.2744140625,927.203735351562,,,,-30,7.25,0
2026-04-22T12:47:03.370609,1130004144,!a0cb4a5c,,,,,,,-29,7.5,0
2026-04-22T12:47:29.956620,1130004144,!a0cb4a5c,34.9900016784668,49.15234375,927.21826171875,,,,-30,7.25,0
2026-04-22T12:50:02.846123,1130004144,!a0cb4a5c,,,,,,,-30,7.25,0
2026-04-22T12:50:30.086075,1130004144,!a0cb4a5c,34.9900016784668,49.0361328125,927.190185546875,,,,-30,7.25,0
2026-04-22T12:53:02.654853,1130004144,!a0cb4a5c,,,,,,,-30,7.25,0
2026-04-22T12:53:29.815437,1130004144,!a0cb4a5c,35.0099983215332,49.0146484375,927.128723144531,,,,-30,7.25,0
2026-04-22T12:56:03.446179,1130004144,!a0cb4a5c,,,,,,,-30,7,0
2026-04-22T12:56:30.012775,1130004144,!a0cb4a5c,34.9799995422363,48.9169921875,927.05517578125,,,,-29,7.25,0
2026-04-22T12:59:02.652932,1130004144,!a0cb4a5c,,,,,,,-30,7,0
2026-04-22T12:59:36.545368,1130004144,!a0cb4a5c,34.9199981689453,48.83984375,927.048034667969,,,,-76,7.25,1
2026-04-22T13:02:02.891578,1130004144,!a0cb4a5c,,,,,,,-30,7.5,0
2026-04-22T13:02:30.065469,1130004144,!a0cb4a5c,34.8600006103516,48.6474609375,927.040954589844,,,,-30,7.25,0
2026-04-22T13:05:02.905155,1130004144,!a0cb4a5c,,,,,,,-30,7.5,0
2026-04-22T13:05:30.005557,1130004144,!a0cb4a5c,34.8199996948242,48.6787109375,926.952026367188,,,,-30,7.25,0
2026-04-22T13:08:02.680882,1130004144,!a0cb4a5c,,,,,,,-31,7.25,0
2026-04-22T13:08:30.032699,1130004144,!a0cb4a5c,34.8199996948242,48.50390625,926.952026367188,,,,-30,7.25,0
2026-04-22T13:11:03.421237,1130004144,!a0cb4a5c,,,,,,,-30,7.25,0
2026-04-22T13:11:30.287506,1130004144,!a0cb4a5c,34.7900009155273,48.39453125,926.878112792969,,,,-29,7.25,0
2026-04-22T13:14:03.636183,1130004144,!a0cb4a5c,,,,,,,-30,7.25,0
2026-04-22T13:14:30.020211,1130004144,!a0cb4a5c,34.75,48.2158203125,926.901489257812,,,,-30,7.5,0
2026-04-22T13:17:02.842623,1130004144,!a0cb4a5c,,,,,,,-30,7.5,0
2026-04-22T13:17:29.942903,1130004144,!a0cb4a5c,34.689998626709,48.1982421875,926.789672851562,,,,-30,7.5,0
2026-04-22T13:20:08.649725,1130004144,!a0cb4a5c,,,,,,,-76,7,1
2026-04-22T13:20:30.417900,1130004144,!a0cb4a5c,34.6199989318848,48.2490234375,926.767211914062,,,,-30,7.5,0
2026-04-22T13:23:02.955779,1130004144,!a0cb4a5c,,,,,,,-30,7.25,0
2026-04-22T13:23:30.076445,1130004144,!a0cb4a5c,34.5900001525879,48.3857421875,926.665283203125,,,,-29,7.5,0
2026-04-22T13:26:02.793116,1130004144,!a0cb4a5c,,,,,,,-29,7.5,0
2026-04-22T13:26:29.976153,1130004144,!a0cb4a5c,34.6599998474121,48.5693359375,926.611083984375,,,,-29,8.25,0
2026-04-22T13:29:03.533020,1130004144,!a0cb4a5c,,,,,,,-29,7.75,0
2026-04-22T13:29:30.062840,1130004144,!a0cb4a5c,34.7599983215332,48.498046875,926.643676757812,,,,-30,7.75,0
2026-04-22T13:32:03.546985,1130004144,!a0cb4a5c,,,,,,,-29,7.5,0
2026-04-22T13:32:30.015124,1130004144,!a0cb4a5c,34.8600006103516,48.4033203125,926.571166992188,,,,-30,7.5,0
2026-04-22T13:35:03.311386,1130004144,!a0cb4a5c,,,,,,,-30,7.25,0
2026-04-22T13:35:32.768555,1130004144,!a0cb4a5c,34.9700012207031,48.287109375,926.570007324219,,,,-78,8.25,1
2026-04-22T13:38:03.479731,1130004144,!a0cb4a5c,,,,,,,-30,7,0
2026-04-22T13:38:30.357192,1130004144,!a0cb4a5c,35.0699996948242,47.923828125,926.441223144531,,,,-30,7.5,0
2026-04-22T13:41:02.809005,1130004144,!a0cb4a5c,,,,,,,-30,7.25,0
2026-04-22T13:41:30.135121,1130004144,!a0cb4a5c,35.1800003051758,47.7001953125,926.340759277344,,,,-30,7.25,0
2026-04-22T13:44:03.785689,1130004144,!a0cb4a5c,,,,,,,-30,7.75,0
2026-04-22T13:44:30.556256,1130004144,!a0cb4a5c,35.2400016784668,47.56640625,926.263488769531,,,,-30,7.25,0
2026-04-22T13:47:03.666357,1130004144,!a0cb4a5c,,,,,,,-30,7,0
2026-04-22T13:47:30.266309,1130004144,!a0cb4a5c,35.2700004577637,47.41796875,926.204223632812,,,,-30,7.25,0
2026-04-22T13:50:03.185614,1130004144,!a0cb4a5c,,,,,,,-29,7.75,0
2026-04-22T13:50:30.428611,1130004144,!a0cb4a5c,35.2999992370605,47.4326171875,926.137329101562,,,,-29,7.25,0
2026-04-22T13:53:03.732190,1130004144,!a0cb4a5c,,,,,,,-30,7.25,0
2026-04-22T13:53:30.350486,1130004144,!a0cb4a5c,35.3899993896484,47.3603515625,926.070007324219,,,,-30,7.75,0
2026-04-22T13:56:04.875155,1130004144,!a0cb4a5c,,,,,,,-30,7.25,0
2026-04-22T13:56:30.835233,1130004144,!a0cb4a5c,35.4199981689453,47.22265625,926.059326171875,,,,-30,7.25,0
2026-04-22T13:59:03.183860,1130004144,!a0cb4a5c,,,,,,,-30,7,0
2026-04-22T13:59:30.307531,1130004144,!a0cb4a5c,35.4500007629395,47.16796875,925.971862792969,,,,-30,7.5,0
2026-04-22T14:02:03.698348,1130004144,!a0cb4a5c,,,,,,,-30,8,0
2026-04-22T14:02:30.933999,1130004144,!a0cb4a5c,35.439998626709,46.98046875,925.900634765625,,,,-29,8.25,0
2026-04-22T14:05:03.208103,1130004144,!a0cb4a5c,,,,,,,-29,8,0
2026-04-22T14:05:30.183847,1130004144,!a0cb4a5c,35.3699989318848,46.85546875,925.934692382812,,,,-29,7.25,0
2026-04-22T14:08:03.312109,1130004144,!a0cb4a5c,,,,,,,-30,7.5,0
2026-04-22T14:08:30.488238,1130004144,!a0cb4a5c,35.2599983215332,46.7734375,925.900329589844,,,,-29,7.25,0
2026-04-22T14:11:03.243662,1130004144,!a0cb4a5c,,,,,,,-29,7.75,0
2026-04-22T14:11:30.219836,1130004144,!a0cb4a5c,35.1300010681152,46.7607421875,925.766418457031,,,,-30,7.75,0
2026-04-22T14:14:03.115338,1130004144,!a0cb4a5c,,,,,,,-29,7.75,0
2026-04-22T14:14:30.427892,1130004144,!a0cb4a5c,34.9900016784668,46.72265625,925.722045898438,,,,-29,7.5,0
2026-04-22T14:17:03.227581,1130004144,!a0cb4a5c,,,,,,,-30,7.25,0
2026-04-22T14:17:30.302298,1130004144,!a0cb4a5c,34.8600006103516,46.8154296875,925.700622558594,,,,-30,7.5,0
2026-04-22T14:20:03.727301,1130004144,!a0cb4a5c,,,,,,,-30,7.25,0
2026-04-22T14:20:30.372449,1130004144,!a0cb4a5c,34.75,46.8857421875,925.61767578125,,,,-30,7.5,0
2026-04-22T14:23:03.878325,1130004144,!a0cb4a5c,,,,,,,-29,7.75,0
2026-04-22T14:23:30.582871,1130004144,!a0cb4a5c,34.6500015258789,46.9453125,925.549621582031,,,,-29,8.25,0
2026-04-22T14:26:04.060178,1130004144,!a0cb4a5c,,,,,,,-30,7.75,0
2026-04-22T14:26:30.595639,1130004144,!a0cb4a5c,34.560001373291,46.9951171875,925.392395019531,,,,-29,7.5,0
2026-04-22T14:29:03.309634,1130004144,!a0cb4a5c,,,,,,,-30,7.5,0
2026-04-22T14:29:30.529142,1130004144,!a0cb4a5c,34.4799995422363,47.103515625,925.291076660156,,,,-28,8,0
2026-04-22T14:32:03.896828,1130004144,!a0cb4a5c,,,,,,,-29,7.5,0
2026-04-22T14:32:30.611181,1130004144,!a0cb4a5c,34.4099998474121,47.2119140625,925.304748535156,,,,-29,7.75,0
2026-04-22T14:35:03.127063,1130004144,!a0cb4a5c,,,,,,,-30,7.25,0
2026-04-22T14:35:30.534749,1130004144,!a0cb4a5c,34.3499984741211,47.263671875,925.262023925781,,,,-28,7.75,0
2026-04-22T14:38:03.444747,1130004144,!a0cb4a5c,,,,,,,-30,7.25,0
2026-04-22T14:38:30.925957,1130004144,!a0cb4a5c,34.2900009155273,47.421875,925.030456542969,,,,-30,7.25,0
2026-04-22T14:41:03.927789,1130004144,!a0cb4a5c,,,,,,,-30,7.5,0
2026-04-22T14:41:30.462770,1130004144,!a0cb4a5c,34.310001373291,47.6103515625,924.984436035156,,,,-30,7.5,0
2026-04-22T14:44:04.182912,1130004144,!a0cb4a5c,,,,,,,-30,7.25,0
2026-04-22T14:44:30.429281,1130004144,!a0cb4a5c,34.3899993896484,47.65234375,924.817626953125,,,,-30,7.5,0
2026-04-22T14:47:03.280260,1130004144,!a0cb4a5c,,,,,,,-30,7.25,0
2026-04-22T14:47:30.687199,1130004144,!a0cb4a5c,34.4599990844727,47.6025390625,924.651123046875,,,,-30,7.25,0
2026-04-22T14:50:03.200076,1130004144,!a0cb4a5c,,,,,,,-30,7.75,0
2026-04-22T14:50:30.671196,1130004144,!a0cb4a5c,34.4799995422363,47.5,924.653259277344,,,,-30,7.5,0
2026-04-22T14:53:03.238708,1130004144,!a0cb4a5c,,,,,,,-30,7.5,0
2026-04-22T14:53:30.796187,1130004144,!a0cb4a5c,34.4900016784668,47.5009765625,924.6328125,,,,-29,7.25,0
2026-04-22T14:56:03.376664,1130004144,!a0cb4a5c,,,,,,,-30,7.25,0
2026-04-22T14:56:30.806608,1130004144,!a0cb4a5c,34.4500007629395,47.3681640625,924.51611328125,,,,-30,7.25,0
2026-04-22T14:59:04.034055,1130004144,!a0cb4a5c,,,,,,,-30,7.25,0
2026-04-22T14:59:30.619311,1130004144,!a0cb4a5c,34.4099998474121,47.2939453125,924.483459472656,,,,-30,7.5,0
2026-04-22T15:02:03.588479,1130004144,!a0cb4a5c,,,,,,,-30,7.5,0
2026-04-22T15:02:30.844889,1130004144,!a0cb4a5c,34.3600006103516,47.2890625,924.471252441406,,,,-30,7.5,0
2026-04-22T15:05:03.485150,1130004144,!a0cb4a5c,,,,,,,-31,7.5,0
2026-04-22T15:05:30.654845,1130004144,!a0cb4a5c,34.3300018310547,47.28515625,924.333679199219,,,,-30,7.5,0
2026-04-22T15:08:04.031444,1130004144,!a0cb4a5c,,,,,,,-30,7.25,0
2026-04-22T15:08:31.560712,1130004144,!a0cb4a5c,34.3499984741211,47.287109375,924.251953125,,,,-29,7.5,0
2026-04-22T15:11:03.612772,1130004144,!a0cb4a5c,,,,,,,-30,7.25,0
2026-04-22T15:11:30.755861,1130004144,!a0cb4a5c,34.4000015258789,47.2353515625,924.167175292969,,,,-30,7.25,0
2026-04-22T15:14:04.155461,1130004144,!a0cb4a5c,,,,,,,-30,7.5,0
2026-04-22T15:14:30.949862,1130004144,!a0cb4a5c,34.439998626709,47.1796875,924.051879882812,,,,-29,7.5,0
2026-04-22T17:33:33.745333,776564201,!a0cb4a5c,,,,,,,-77,7.75,0
2026-04-23T13:35:11.833795,1130004144,!a0cb4a5c,,,,,,,-41,8,0
2026-04-23T13:35:36.474038,1130004144,!a0cb4a5c,28.9799995422363,61.1025390625,928.844909667969,,,,-39,8.75,0
2026-04-23T13:38:12.244836,1130004144,!a0cb4a5c,,,,,,,-40,7.5,0
2026-04-23T13:38:36.801347,1130004144,!a0cb4a5c,28.9500007629395,61.3720703125,928.93017578125,,,,-40,7,0
2026-04-23T13:41:11.539175,1130004144,!a0cb4a5c,,,,,,,-39,8.75,0
2026-04-23T13:41:36.760981,1130004144,!a0cb4a5c,29.2099990844727,61.1796875,928.974975585938,,,,-40,7.25,0
2026-04-23T13:44:11.768636,1130004144,!a0cb4a5c,,,,,,,-39,7,0
2026-04-23T13:44:36.671327,1130004144,!a0cb4a5c,29.6200008392334,61.6943359375,928.928039550781,,,,-40,7.5,0
2026-04-23T13:47:11.881786,1130004144,!a0cb4a5c,,,,,,,-40,7.75,0
2026-04-23T13:47:36.590734,1130004144,!a0cb4a5c,30.1200008392334,61.623046875,928.835693359375,,,,-40,7,0
2026-04-23T13:50:11.817193,1130004144,!a0cb4a5c,,,,,,,-40,7.5,0
2026-04-23T13:50:36.548537,1130004144,!a0cb4a5c,30.5900001525879,61.1220703125,928.747314453125,,,,-39,9.5,0
2026-04-23T13:53:11.693971,1130004144,!a0cb4a5c,,,,,,,-40,9.75,0
2026-04-23T13:53:36.859940,1130004144,!a0cb4a5c,31.0100002288818,60.30078125,928.733337402344,,,,-38,9.75,0
2026-04-23T13:56:11.771607,1130004144,!a0cb4a5c,,,,,,,-39,9.25,0
2026-04-23T13:56:36.826303,1130004144,!a0cb4a5c,31.3600006103516,59.5517578125,928.515380859375,,,,-40,7.75,0
2026-04-23T13:59:11.967274,1130004144,!a0cb4a5c,,,,,,,-40,9.75,0
2026-04-23T13:59:36.575217,1130004144,!a0cb4a5c,31.7099990844727,58.82421875,928.604064941406,,,,-39,7.5,0
2026-04-23T14:02:11.747419,1130004144,!a0cb4a5c,,,,,,,-39,9,0
2026-04-23T14:02:36.592526,1130004144,!a0cb4a5c,32.0499992370605,58.0341796875,928.577819824219,,,,-40,9,0
2026-04-23T14:05:11.813330,1130004144,!a0cb4a5c,,,,,,,-38,9.25,0
2026-04-23T14:05:36.762757,1130004144,!a0cb4a5c,32.3499984741211,57.3544921875,928.505310058594,,,,-40,8.75,0
2026-04-23T14:08:11.694062,1130004144,!a0cb4a5c,,,,,,,-40,9,0
2026-04-23T14:08:36.930211,1130004144,!a0cb4a5c,32.6599998474121,56.755859375,928.37646484375,,,,-39,7.5,0
2026-04-23T14:11:11.779254,1130004144,!a0cb4a5c,,,,,,,-39,7,0
2026-04-23T14:11:37.457641,1130004144,!a0cb4a5c,33.2299995422363,55.3759765625,928.399841308594,,,,-39,9,0
2026-04-23T14:14:11.954437,1130004144,!a0cb4a5c,,,,,,,-39,9.75,0
2026-04-23T14:14:36.721418,1130004144,!a0cb4a5c,33.2299995422363,55.3759765625,928.399841308594,,,,-39,8.5,0
2026-04-23T14:17:11.826263,1130004144,!a0cb4a5c,,,,,,,-39,9,0
2026-04-23T14:17:37.041822,1130004144,!a0cb4a5c,33.4799995422363,55.03515625,928.26953125,,,,-40,7.25,0
2026-04-23T14:20:12.080503,1130004144,!a0cb4a5c,,,,,,,-39,6.75,0
2026-04-23T14:20:37.067340,1130004144,!a0cb4a5c,33.7000007629395,54.4931640625,928.136779785156,,,,-38,9.25,0
2026-04-23T14:23:12.414432,1130004144,!a0cb4a5c,,,,,,,-39,9.75,0
2026-04-23T14:23:37.019835,1130004144,!a0cb4a5c,33.9099998474121,54.00390625,928.021423339844,,,,-39,9.25,0
2026-04-23T14:26:12.473867,1130004144,!a0cb4a5c,,,,,,,-39,7,0
2026-04-23T14:26:36.869877,1130004144,!a0cb4a5c,34.0800018310547,53.4326171875,927.951538085938,,,,-39,7.25,0
2026-04-23T14:29:11.957967,1130004144,!a0cb4a5c,,,,,,,-39,9.75,0
2026-04-23T14:29:36.937531,1130004144,!a0cb4a5c,34.2299995422363,53.0419921875,927.808288574219,,,,-39,9.5,0
2026-04-23T14:32:12.035984,1130004144,!a0cb4a5c,,,,,,,-38,9.5,0
2026-04-23T14:32:37.132082,1130004144,!a0cb4a5c,34.3699989318848,52.5927734375,927.825134277344,,,,-39,7.5,0
2026-04-23T14:35:12.079720,1130004144,!a0cb4a5c,,,,,,,-38,8.75,0
2026-04-23T14:35:37.047391,1130004144,!a0cb4a5c,34.4700012207031,52.2197265625,927.697204589844,,,,-39,7.25,0
2026-04-23T14:38:11.997130,1130004144,!a0cb4a5c,,,,,,,-39,7.75,0
2026-04-23T14:38:37.227504,1130004144,!a0cb4a5c,34.5800018310547,51.8232421875,927.744689941406,,,,-38,9,0
2026-04-23T14:41:12.179092,1130004144,!a0cb4a5c,,,,,,,-38,9.5,0
2026-04-23T14:41:36.916249,1130004144,!a0cb4a5c,34.689998626709,51.4404296875,927.716064453125,,,,-38,8,0
2026-04-23T14:44:12.481513,1130004144,!a0cb4a5c,,,,,,,-38,9.5,0
2026-04-23T14:44:36.942188,1130004144,!a0cb4a5c,34.7700004577637,51.1455078125,927.71826171875,,,,-38,7.25,0
2026-04-23T14:47:12.133677,1130004144,!a0cb4a5c,,,,,,,-38,9.75,0
2026-04-23T14:47:37.273761,1130004144,!a0cb4a5c,34.8400001525879,50.74609375,927.599975585938,,,,-37,7.5,0
2026-04-23T14:50:12.714130,1130004144,!a0cb4a5c,,,,,,,-37,6.5,0
2026-04-23T14:50:37.159751,1130004144,!a0cb4a5c,34.9099998474121,50.357421875,927.538269042969,,,,-37,7.25,0
2026-04-23T14:53:12.841156,1130004144,!a0cb4a5c,,,,,,,-38,6.75,0
2026-04-23T14:53:37.110724,1130004144,!a0cb4a5c,34.9500007629395,50.1396484375,927.571105957031,,,,-38,7.25,0
2026-04-23T14:56:12.329378,1130004144,!a0cb4a5c,,,,,,,-37,7.75,0
2026-04-23T14:56:37.101867,1130004144,!a0cb4a5c,34.9900016784668,49.9462890625,927.555297851562,,,,-38,7.5,0
2026-04-23T14:59:12.705478,1130004144,!a0cb4a5c,,,,,,,-38,7.25,0
2026-04-23T14:59:37.178682,1130004144,!a0cb4a5c,35.0400009155273,49.6943359375,927.462890625,,,,-38,7,0
2026-04-23T15:02:12.356922,1130004144,!a0cb4a5c,,,,,,,-38,7,0
2026-04-23T15:02:37.365618,1130004144,!a0cb4a5c,35.0699996948242,49.44140625,927.368286132812,,,,-37,7.75,0
2026-04-23T15:05:12.275854,1130004144,!a0cb4a5c,,,,,,,-38,7.75,0
2026-04-23T15:05:37.398900,1130004144,!a0cb4a5c,35.0900001525879,49.1513671875,927.342346191406,,,,-37,7.5,0
2026-04-23T15:08:12.882049,1130004144,!a0cb4a5c,,,,,,,-38,7.75,0
2026-04-23T15:08:37.129375,1130004144,!a0cb4a5c,35.0999984741211,48.9775390625,927.349975585938,,,,-38,7.25,0
2026-04-23T15:11:12.183799,1130004144,!a0cb4a5c,,,,,,,-38,7.5,0
2026-04-23T15:11:38.055347,1130004144,!a0cb4a5c,35.1100006103516,48.732421875,927.301391601562,,,,-38,7,0
2026-04-23T15:14:12.972865,1130004144,!a0cb4a5c,,,,,,,-38,7.25,0
2026-04-23T15:14:37.324155,1130004144,!a0cb4a5c,35.1100006103516,48.591796875,927.2734375,,,,-38,7,0
2026-04-23T15:17:12.277801,1130004144,!a0cb4a5c,,,,,,,-37,7.25,0
2026-04-23T15:17:37.246704,1130004144,!a0cb4a5c,35.0800018310547,48.4853515625,927.215026855469,,,,-37,7.25,0
2026-04-23T15:20:12.168629,1130004144,!a0cb4a5c,,,,,,,-37,7.25,0
2026-04-23T15:20:37.264173,1130004144,!a0cb4a5c,35.0800018310547,48.4140625,927.151184082031,,,,-38,7,0
2026-04-23T15:23:12.882110,1130004144,!a0cb4a5c,,,,,,,-38,7.25,0
2026-04-23T15:23:37.236413,1130004144,!a0cb4a5c,35.0800018310547,48.2978515625,927.130798339844,,,,-37,9.5,0
2026-04-23T15:26:12.447693,1130004144,!a0cb4a5c,,,,,,,-38,7.5,0
2026-04-23T15:26:37.985309,1130004144,!a0cb4a5c,35.0900001525879,48.228515625,927.053833007812,,,,-37,9.25,0
2026-04-23T15:29:12.169585,1130004144,!a0cb4a5c,,,,,,,-38,7,0
2026-04-23T15:29:37.467947,1130004144,!a0cb4a5c,35.1300010681152,48.091796875,927.051086425781,,,,-38,7.75,0
2026-04-23T15:32:12.252934,1130004144,!a0cb4a5c,,,,,,,-37,7,0
2026-04-23T15:32:37.516297,1130004144,!a0cb4a5c,35.1500015258789,47.8955078125,926.94091796875,,,,-37,8,0
2026-04-23T15:35:12.600072,1130004144,!a0cb4a5c,,,,,,,-38,6.75,0
2026-04-23T15:35:37.294932,1130004144,!a0cb4a5c,35.1800003051758,47.8525390625,926.902648925781,,,,-38,7,0
2026-04-23T15:38:12.248772,1130004144,!a0cb4a5c,,,,,,,-38,7.25,0
2026-04-23T15:38:37.437862,1130004144,!a0cb4a5c,35.2099990844727,47.703125,926.807800292969,,,,-38,7,0
2026-04-23T15:41:12.305516,1130004144,!a0cb4a5c,,,,,,,-38,9,0
2026-04-23T15:41:37.636969,1130004144,!a0cb4a5c,35.25,47.6376953125,926.840454101562,,,,-37,6.75,0
2026-04-23T15:44:13.214857,1130004144,!a0cb4a5c,,,,,,,-37,9.75,0
2026-04-23T15:44:37.456191,1130004144,!a0cb4a5c,35.2999992370605,47.5380859375,926.804077148438,,,,-38,9.25,0
2026-04-23T15:47:12.493377,1130004144,!a0cb4a5c,,,,,,,-38,9.5,0
2026-04-23T15:47:37.375711,1130004144,!a0cb4a5c,35.3400001525879,47.3427734375,926.696533203125,,,,-37,9.75,0
2026-04-23T15:50:12.258432,1130004144,!a0cb4a5c,,,,,,,-37,9.5,0
2026-04-23T15:50:37.314584,1130004144,!a0cb4a5c,35.3899993896484,47.1962890625,926.716430664062,,,,-38,6.75,0
2026-04-23T15:53:13.138433,1130004144,!a0cb4a5c,,,,,,,-37,7.25,0
2026-04-23T15:53:37.334829,1130004144,!a0cb4a5c,35.4099998474121,47.0234375,926.634216308594,,,,-38,6.75,0
2026-04-23T15:56:12.545623,1130004144,!a0cb4a5c,,,,,,,-37,7,0
2026-04-23T15:56:37.579261,1130004144,!a0cb4a5c,35.4500007629395,47.0263671875,926.610595703125,,,,-38,7.25,0
2026-04-23T15:59:12.595320,1130004144,!a0cb4a5c,,,,,,,-40,7.25,0
2026-04-23T15:59:37.440847,1130004144,!a0cb4a5c,35.4900016784668,46.94921875,926.531188964844,,,,-40,7,0
2026-04-23T16:02:12.375700,1130004144,!a0cb4a5c,,,,,,,-40,7,0
2026-04-23T16:02:37.620204,1130004144,!a0cb4a5c,35.5299987792969,46.859375,926.612426757812,,,,-40,7.25,0
2026-04-23T16:05:12.683016,1130004144,!a0cb4a5c,,,,,,,-40,6.75,0
2026-04-23T16:05:37.445178,1130004144,!a0cb4a5c,35.5499992370605,46.6982421875,926.566223144531,,,,-41,7.25,0
2026-04-23T16:08:12.353503,1130004144,!a0cb4a5c,,,,,,,-40,7,0
2026-04-23T16:08:37.663294,1130004144,!a0cb4a5c,35.5800018310547,46.595703125,926.491638183594,,,,-40,9.5,0
2026-04-23T16:11:12.417860,1130004144,!a0cb4a5c,,,,,,,-38,7.25,0
2026-04-23T16:11:37.576458,1130004144,!a0cb4a5c,35.5800018310547,46.3974609375,926.52734375,,,,-39,9.5,0
2026-04-23T16:14:12.734607,1130004144,!a0cb4a5c,,,,,,,-39,7,0
2026-04-23T16:14:37.629950,1130004144,!a0cb4a5c,35.5699996948242,46.3134765625,926.512084960938,,,,-39,9.75,0
2026-04-23T16:17:19.926778,1130004144,!a0cb4a5c,,,,,,,-74,8,1
2026-04-23T16:17:39.016451,1130004144,!a0cb4a5c,35.560001373291,46.232421875,926.525024414062,,,,-39,8.75,0
2026-04-23T16:20:12.773267,1130004144,!a0cb4a5c,,,,,,,-39,7.5,0
2026-04-23T16:20:37.687480,1130004144,!a0cb4a5c,35.560001373291,46.1494140625,926.489196777344,,,,-38,8.75,0
2026-04-23T16:23:12.692501,1130004144,!a0cb4a5c,,,,,,,-38,9.75,0
2026-04-23T16:23:37.659535,1130004144,!a0cb4a5c,35.5499992370605,46.0546875,926.369445800781,,,,-38,7.25,0
2026-04-23T16:26:13.203717,1130004144,!a0cb4a5c,,,,,,,-39,8.75,0
2026-04-23T16:26:37.572301,1130004144,!a0cb4a5c,35.5499992370605,46.04296875,926.333740234375,,,,-38,7,0
2026-04-23T16:29:12.788978,1130004144,!a0cb4a5c,,,,,,,-37,9.25,0
2026-04-23T16:29:37.736330,1130004144,!a0cb4a5c,35.5299987792969,45.958984375,926.338928222656,,,,-37,9,0
2026-04-23T16:32:13.176301,1130004144,!a0cb4a5c,,,,,,,-37,6.75,0
2026-04-23T16:32:42.897219,1130004144,!a0cb4a5c,35.5,45.93359375,926.328918457031,,,,-74,8,1
2026-04-23T16:35:12.852290,1130004144,!a0cb4a5c,,,,,,,-39,9.5,0
2026-04-23T16:35:37.865624,1130004144,!a0cb4a5c,35.4799995422363,45.861328125,926.298645019531,,,,-38,7.25,0
2026-04-23T16:38:12.724141,1130004144,!a0cb4a5c,,,,,,,-38,9,0
2026-04-23T16:38:37.883747,1130004144,!a0cb4a5c,35.4799995422363,45.919921875,926.21435546875,,,,-38,8.5,0
2026-04-23T16:41:12.852939,1130004144,!a0cb4a5c,,,,,,,-38,8.75,0
2026-04-23T16:41:37.949758,1130004144,!a0cb4a5c,35.4700012207031,45.8603515625,926.283447265625,,,,-38,7.5,0
2026-04-23T16:44:12.900037,1130004144,!a0cb4a5c,,,,,,,-37,7.75,0
2026-04-23T16:44:37.872686,1130004144,!a0cb4a5c,35.439998626709,45.8212890625,926.117919921875,,,,-38,7.5,0
2026-04-23T16:47:13.326074,1130004144,!a0cb4a5c,,,,,,,-38,7.25,0
2026-04-23T16:47:37.670666,1130004144,!a0cb4a5c,35.4000015258789,45.8173828125,926.225463867188,,,,-38,8,0
2026-04-23T16:50:12.788305,1130004144,!a0cb4a5c,,,,,,,-38,9.25,0
2026-04-23T16:50:38.586127,1130004144,!a0cb4a5c,35.3600006103516,45.8720703125,926.220947265625,,,,-39,10,0
2026-04-23T16:53:15.009112,1130004144,!a0cb4a5c,,,,,,,-74,8,1
2026-04-23T16:53:37.926188,1130004144,!a0cb4a5c,35.3499984741211,45.8720703125,926.213256835938,,,,-39,9.75,0
2026-04-23T16:56:12.692990,1130004144,!a0cb4a5c,,,,,,,-37,7.25,0
2026-04-23T16:56:37.896541,1130004144,!a0cb4a5c,35.3300018310547,45.974609375,926.18310546875,,,,-37,7.5,0
2026-04-23T16:59:13.280725,1130004144,!a0cb4a5c,,,,,,,-38,7,0
2026-04-23T16:59:37.742690,1130004144,!a0cb4a5c,35.2999992370605,45.9130859375,926.081115722656,,,,-36,8,0
2026-04-23T17:02:13.193717,1130004144,!a0cb4a5c,,,,,,,-39,7,0
2026-04-23T17:02:38.042765,1130004144,!a0cb4a5c,35.25,45.802734375,926.089477539062,,,,-39,8.75,0
2026-04-23T17:05:13.703802,1130004144,!a0cb4a5c,,,,,,,-39,9.5,0
2026-04-23T17:05:38.530539,1130004144,!a0cb4a5c,35.189998626709,45.8076171875,926.047058105469,,,,-38,9,0
2026-04-23T17:08:13.043215,1130004144,!a0cb4a5c,,,,,,,-38,8.5,0
2026-04-23T17:08:39.127675,1130004144,!a0cb4a5c,35.1399993896484,45.908203125,926.054992675781,,,,-39,8.25,0
2026-04-23T17:11:12.904701,1130004144,!a0cb4a5c,,,,,,,-38,7.75,0
2026-04-23T17:11:38.003674,1130004144,!a0cb4a5c,35.0800018310547,45.9033203125,926.03515625,,,,-39,7.25,0
2026-04-23T17:14:12.825839,1130004144,!a0cb4a5c,,,,,,,-37,8.75,0
2026-04-23T17:14:37.926382,1130004144,!a0cb4a5c,35.0200004577637,45.978515625,926.028198242188,,,,-38,8.25,0
2026-04-23T17:17:13.050156,1130004144,!a0cb4a5c,,,,,,,-39,7.25,0
2026-04-23T17:17:37.927684,1130004144,!a0cb4a5c,34.9500007629395,45.9013671875,925.998291015625,,,,-38,8,0
2026-04-23T17:20:12.825396,1130004144,!a0cb4a5c,,,,,,,-38,7.25,0
2026-04-23T17:20:37.863591,1130004144,!a0cb4a5c,34.8600006103516,45.8701171875,926.037658691406,,,,-38,7.25,0
2026-04-23T17:23:13.065936,1130004144,!a0cb4a5c,,,,,,,-38,8,0
2026-04-23T17:23:38.136808,1130004144,!a0cb4a5c,34.7799987792969,46.048828125,926.084289550781,,,,-38,7,0
2026-04-23T17:26:13.576105,1130004144,!a0cb4a5c,,,,,,,-37,9.5,0
2026-04-23T17:26:37.901842,1130004144,!a0cb4a5c,34.7099990844727,46.1689453125,926.082641601562,,,,-37,9.25,0
2026-04-23T17:29:13.050973,1130004144,!a0cb4a5c,,,,,,,-38,9.5,0
2026-04-23T17:29:38.204030,1130004144,!a0cb4a5c,34.6399993896484,46.2783203125,926.15185546875,,,,-38,7,0
2026-04-23T17:32:13.112859,1130004144,!a0cb4a5c,,,,,,,-38,7,0
2026-04-23T17:32:38.126350,1130004144,!a0cb4a5c,34.5699996948242,46.412109375,926.109375,,,,-38,9.5,0
2026-04-23T17:33:31.286687,776564201,!a0cb4a5c,,,,,,,-74,7.75,0
2026-04-23T17:35:13.489424,1130004144,!a0cb4a5c,,,,,,,-37,7.75,0
2026-04-23T17:35:38.118092,1130004144,!a0cb4a5c,34.5099983215332,46.4755859375,926.130310058594,,,,-38,7,0
2026-04-23T17:38:12.904593,1130004144,!a0cb4a5c,,,,,,,-37,6.75,0
2026-04-23T17:38:38.114526,1130004144,!a0cb4a5c,34.4500007629395,46.5166015625,926.123107910156,,,,-37,7.25,0
2026-04-23T17:41:13.163075,1130004144,!a0cb4a5c,,,,,,,-37,6.5,0
2026-04-23T17:41:37.990822,1130004144,!a0cb4a5c,34.3800010681152,46.6142578125,926.037048339844,,,,-37,9,0
2026-04-23T17:44:13.194906,1130004144,!a0cb4a5c,,,,,,,-38,7.5,0
2026-04-23T17:44:38.009339,1130004144,!a0cb4a5c,34.310001373291,46.7705078125,926.106628417969,,,,-37,7.25,0
2026-04-23T17:47:13.044194,1130004144,!a0cb4a5c,,,,,,,-38,7.75,0
2026-04-23T17:47:38.050097,1130004144,!a0cb4a5c,34.25,46.8349609375,926.099548339844,,,,-37,7.75,0
2026-04-23T17:50:12.972354,1130004144,!a0cb4a5c,,,,,,,-37,7.25,0
2026-04-23T17:50:38.142393,1130004144,!a0cb4a5c,34.1800003051758,46.875,926.224914550781,,,,-37,7,0
2026-04-23T17:53:13.274006,1130004144,!a0cb4a5c,,,,,,,-37,6.75,0
2026-04-23T17:53:38.159290,1130004144,!a0cb4a5c,34.0900001525879,46.9814453125,926.284057617188,,,,-38,7.25,0
2026-04-23T17:56:13.532652,1130004144,!a0cb4a5c,,,,,,,-37,6.75,0
2026-04-23T17:56:38.339068,1130004144,!a0cb4a5c,34.0299987792969,47.126953125,926.269165039062,,,,-38,7.25,0
2026-04-23T17:59:13.750929,1130004144,!a0cb4a5c,,,,,,,-38,7.25,0
2026-04-23T17:59:38.292167,1130004144,!a0cb4a5c,33.9599990844727,47.2236328125,926.302978515625,,,,-38,8.75,0
2026-04-23T18:02:13.321402,1130004144,!a0cb4a5c,,,,,,,-37,7,0
2026-04-23T18:02:38.408666,1130004144,!a0cb4a5c,33.8899993896484,47.322265625,926.400146484375,,,,-37,9,0
2026-04-23T18:05:13.772973,1130004144,!a0cb4a5c,,,,,,,-38,7.25,0
2026-04-23T18:05:38.232251,1130004144,!a0cb4a5c,33.8199996948242,47.4892578125,926.433776855469,,,,-37,7,0
2026-04-23T18:08:13.339243,1130004144,!a0cb4a5c,,,,,,,-37,8.25,0
2026-04-23T18:08:38.459821,1130004144,!a0cb4a5c,33.75,47.576171875,926.587158203125,,,,-37,9,0
2026-04-23T18:11:13.370645,1130004144,!a0cb4a5c,,,,,,,-37,8,0
2026-04-23T18:11:38.222996,1130004144,!a0cb4a5c,33.689998626709,47.6513671875,926.579833984375,,,,-37,7.5,0
2026-04-23T18:14:13.133104,1130004144,!a0cb4a5c,,,,,,,-38,7,0
2026-04-23T18:14:38.255451,1130004144,!a0cb4a5c,33.6199989318848,47.771484375,926.577331542969,,,,-37,7.25,0
2026-04-23T18:17:13.486830,1130004144,!a0cb4a5c,,,,,,,-37,7,0
2026-04-23T18:17:38.316728,1130004144,!a0cb4a5c,33.560001373291,47.8583984375,926.521545410156,,,,-37,7.25,0
2026-04-23T18:20:13.281808,1130004144,!a0cb4a5c,,,,,,,-37,8,0
2026-04-23T18:20:38.532550,1130004144,!a0cb4a5c,33.4900016784668,47.9560546875,926.603576660156,,,,-37,7.5,0
2026-04-23T18:23:13.467706,1130004144,!a0cb4a5c,,,,,,,-38,8.25,0
2026-04-23T18:23:38.309574,1130004144,!a0cb4a5c,33.4199981689453,48.041015625,926.700561523438,,,,-37,9.75,0
2026-04-23T18:26:13.869909,1130004144,!a0cb4a5c,,,,,,,-37,7,0
2026-04-23T18:26:38.442656,1130004144,!a0cb4a5c,33.3699989318848,48.1884765625,926.772094726562,,,,-36,7.5,0
2026-04-23T18:29:14.049694,1130004144,!a0cb4a5c,,,,,,,-37,8,0
2026-04-23T18:29:38.542930,1130004144,!a0cb4a5c,33.310001373291,48.287109375,926.820617675781,,,,-37,7.25,0
2026-04-23T18:32:13.340133,1130004144,!a0cb4a5c,,,,,,,-37,8.25,0
2026-04-23T18:32:38.490978,1130004144,!a0cb4a5c,33.2599983215332,48.38671875,926.772521972656,,,,-37,7,0
2026-04-23T18:35:14.115967,1130004144,!a0cb4a5c,,,,,,,-37,7.25,0
2026-04-23T18:35:38.508946,1130004144,!a0cb4a5c,33.2200012207031,48.474609375,926.795654296875,,,,-37,9.5,0
2026-04-23T18:38:13.841809,1130004144,!a0cb4a5c,,,,,,,-37,8.25,0
2026-04-23T18:38:38.496804,1130004144,!a0cb4a5c,33.1800003051758,48.5166015625,926.846740722656,,,,-37,6.75,0
2026-04-23T18:41:13.860181,1130004144,!a0cb4a5c,,,,,,,-37,7.25,0
2026-04-23T18:41:38.358871,1130004144,!a0cb4a5c,33.1500015258789,48.67578125,926.848876953125,,,,-36,7,0
2026-04-23T18:44:14.191633,1130004144,!a0cb4a5c,,,,,,,-37,7.5,0
2026-04-23T18:44:38.438594,1130004144,!a0cb4a5c,33.1100006103516,48.7412109375,926.900024414062,,,,-37,7.25,0
2026-04-23T18:47:13.500078,1130004144,!a0cb4a5c,,,,,,,-37,7.75,0
2026-04-23T18:47:38.456159,1130004144,!a0cb4a5c,33.0800018310547,48.7958984375,926.938415527344,,,,-37,8,0
2026-04-23T18:50:13.671151,1130004144,!a0cb4a5c,,,,,,,-37,8,0
2026-04-23T18:50:38.668535,1130004144,!a0cb4a5c,33.0200004577637,48.8955078125,926.994506835938,,,,-38,7.75,0
2026-04-23T18:53:14.277341,1130004144,!a0cb4a5c,,,,,,,-37,8,0
2026-04-23T18:53:38.489520,1130004144,!a0cb4a5c,32.9700012207031,49.0185546875,927.009948730469,,,,-37,8,0
2026-04-23T18:56:14.271182,1130004144,!a0cb4a5c,,,,,,,-37,7,0
2026-04-23T18:56:38.492953,1130004144,!a0cb4a5c,32.939998626709,49.0947265625,927.068298339844,,,,-37,7.75,0
2026-04-23T18:59:19.078403,1130004144,!a0cb4a5c,,,,,,,-38,8.75,0
2026-04-23T18:59:38.510568,1130004144,!a0cb4a5c,32.9000015258789,49.1728515625,927.17529296875,,,,-37,7,0
2026-04-23T19:02:13.644601,1130004144,!a0cb4a5c,,,,,,,-37,9,0
2026-04-23T19:02:38.717261,1130004144,!a0cb4a5c,32.8699989318848,49.34375,927.185729980469,,,,-37,7,0
2026-04-23T19:05:13.501573,1130004144,!a0cb4a5c,,,,,,,-37,7,0
2026-04-23T19:05:38.642690,1130004144,!a0cb4a5c,32.8199996948242,49.3857421875,927.284973144531,,,,-37,7.5,0
2026-04-23T19:08:13.486537,1130004144,!a0cb4a5c,,,,,,,-37,7.75,0
2026-04-23T19:08:38.708657,1130004144,!a0cb4a5c,32.7900009155273,49.474609375,927.259399414062,,,,-37,7.25,0
2026-04-23T19:11:13.474093,1130004144,!a0cb4a5c,,,,,,,-37,7.25,0
2026-04-23T19:11:38.728149,1130004144,!a0cb4a5c,32.75,49.59765625,927.318054199219,,,,-37,7.25,0
2026-04-23T19:14:13.583690,1130004144,!a0cb4a5c,,,,,,,-38,7,0
2026-04-23T19:14:38.572199,1130004144,!a0cb4a5c,32.7299995422363,49.630859375,927.392028808594,,,,-37,6.75,0
2026-04-23T19:17:13.841555,1130004144,!a0cb4a5c,,,,,,,-38,6.75,0
2026-04-23T19:17:38.858893,1130004144,!a0cb4a5c,32.7099990844727,49.8134765625,927.417358398438,,,,-37,8.25,0
2026-04-23T19:20:13.855805,1130004144,!a0cb4a5c,,,,,,,-37,7.5,0
2026-04-23T19:20:38.785674,1130004144,!a0cb4a5c,32.6599998474121,49.9013671875,927.424987792969,,,,-37,7,0
2026-04-23T19:23:13.717501,1130004144,!a0cb4a5c,,,,,,,-38,7,0
2026-04-23T19:23:38.820654,1130004144,!a0cb4a5c,32.6300010681152,49.978515625,927.490966796875,,,,-37,7,0
2026-04-23T19:26:13.822104,1130004144,!a0cb4a5c,,,,,,,-37,7,0
2026-04-23T19:26:38.722524,1130004144,!a0cb4a5c,32.5900001525879,50.1845703125,927.500915527344,,,,-37,7,0
2026-04-23T19:29:14.386282,1130004144,!a0cb4a5c,,,,,,,-37,7.25,0
2026-04-23T19:29:38.796401,1130004144,!a0cb4a5c,32.5800018310547,50.2294921875,927.561889648438,,,,-37,9,0
2026-04-23T19:32:14.591398,1130004144,!a0cb4a5c,,,,,,,-37,9.5,0
2026-04-23T19:32:38.757646,1130004144,!a0cb4a5c,32.5299987792969,50.3525390625,927.577209472656,,,,-37,7,0
2026-04-23T19:35:13.918585,1130004144,!a0cb4a5c,,,,,,,-37,7.25,0
2026-04-23T19:35:39.014710,1130004144,!a0cb4a5c,32.4900016784668,50.4755859375,927.628112792969,,,,-37,7.75,0
2026-04-23T19:38:13.818774,1130004144,!a0cb4a5c,,,,,,,-37,8,0
2026-04-23T19:38:38.744784,1130004144,!a0cb4a5c,32.4700012207031,50.7158203125,927.702026367188,,,,-37,7,0
2026-04-23T19:41:14.500998,1130004144,!a0cb4a5c,,,,,,,-37,7.25,0
2026-04-23T19:41:38.907015,1130004144,!a0cb4a5c,32.4199981689453,50.861328125,927.765563964844,,,,-37,8.75,0
2026-04-23T19:44:13.792247,1130004144,!a0cb4a5c,,,,,,,-37,7.75,0
2026-04-23T19:44:38.877122,1130004144,!a0cb4a5c,32.3899993896484,50.998046875,927.803466796875,,,,-37,7.5,0
2026-04-23T19:47:13.760482,1130004144,!a0cb4a5c,,,,,,,-37,7,0
2026-04-23T19:47:38.812123,1130004144,!a0cb4a5c,32.3400001525879,51.201171875,927.902648925781,,,,-38,7,0
2026-04-23T19:50:13.919984,1130004144,!a0cb4a5c,,,,,,,-38,9.5,0
2026-04-23T19:50:38.791050,1130004144,!a0cb4a5c,32.2999992370605,51.2890625,927.953430175781,,,,-38,7.5,0
2026-04-23T19:53:14.563637,1130004144,!a0cb4a5c,,,,,,,-38,8,0
2026-04-23T19:53:38.819173,1130004144,!a0cb4a5c,32.25,51.5029296875,928.093139648438,,,,-38,9,0
2026-04-23T19:56:13.919601,1130004144,!a0cb4a5c,,,,,,,-38,9.25,0
2026-04-23T19:56:38.962628,1130004144,!a0cb4a5c,32.189998626709,51.669921875,928.141235351562,,,,-38,7.25,0
2026-04-23T19:59:14.597473,1130004144,!a0cb4a5c,,,,,,,-37,7,0
2026-04-23T19:59:39.045311,1130004144,!a0cb4a5c,32.1100006103516,51.8359375,928.14599609375,,,,-37,9.25,0
2026-04-23T20:02:13.845717,1130004144,!a0cb4a5c,,,,,,,-37,7,0
2026-04-23T20:02:39.092438,1130004144,!a0cb4a5c,32.0400009155273,51.9658203125,928.282897949219,,,,-38,7,0
2026-04-23T20:05:13.954897,1130004144,!a0cb4a5c,,,,,,,-38,8.5,0
2026-04-23T20:05:38.873161,1130004144,!a0cb4a5c,31.9300003051758,52.197265625,928.282409667969,,,,-37,8,0
2026-04-23T20:08:20.221096,1130004144,!a0cb4a5c,,,,,,,-73,7.75,1
2026-04-23T20:08:39.472249,1130004144,!a0cb4a5c,31.8400001525879,52.453125,928.292358398438,,,,-38,8.25,0
2026-04-23T20:11:14.085820,1130004144,!a0cb4a5c,,,,,,,-37,7.25,0
2026-04-23T20:11:39.196095,1130004144,!a0cb4a5c,31.7299995422363,52.5,928.355285644531,,,,-37,7.25,0
2026-04-23T20:14:14.536793,1130004144,!a0cb4a5c,,,,,,,-37,7.75,0
2026-04-23T20:14:39.166433,1130004144,!a0cb4a5c,31.5799999237061,52.6083984375,928.369750976562,,,,-37,9,0
2026-04-23T20:17:14.066237,1130004144,!a0cb4a5c,,,,,,,-37,7,0
2026-04-23T20:17:39.048366,1130004144,!a0cb4a5c,31.3899993896484,52.8759765625,928.421875,,,,-37,7.25,0
2026-04-23T20:20:13.957059,1130004144,!a0cb4a5c,,,,,,,-38,9.25,0
2026-04-23T20:20:39.083763,1130004144,!a0cb4a5c,31.2099990844727,53.203125,928.544921875,,,,-36,8.5,0
2026-04-23T20:23:14.732047,1130004144,!a0cb4a5c,,,,,,,-37,7,0
2026-04-23T20:23:44.340821,1130004144,!a0cb4a5c,31.0300006866455,53.515625,928.541076660156,,,,-76,7.25,1
2026-04-23T20:26:13.878622,1130004144,!a0cb4a5c,,,,,,,-37,7.25,0
2026-04-23T20:26:39.312048,1130004144,!a0cb4a5c,30.8500003814697,53.8193359375,928.475830078125,,,,-37,8.5,0
2026-04-23T20:29:14.038887,1130004144,!a0cb4a5c,,,,,,,-37,7.75,0
2026-04-23T20:29:39.120659,1130004144,!a0cb4a5c,30.7000007629395,54.1591796875,928.413757324219,,,,-38,7.25,0
2026-04-23T20:32:14.600396,1130004144,!a0cb4a5c,,,,,,,-37,8.5,0
2026-04-23T20:32:39.250957,1130004144,!a0cb4a5c,30.5699996948242,54.466796875,928.41015625,,,,-37,8.25,0
2026-04-23T20:35:13.971875,1130004144,!a0cb4a5c,,,,,,,-37,7,0
2026-04-23T20:35:39.294272,1130004144,!a0cb4a5c,30.4699993133545,54.82421875,928.424377441406,,,,-37,7.75,0
2026-04-23T20:38:14.132254,1130004144,!a0cb4a5c,,,,,,,-37,7.25,0
2026-04-23T20:38:39.190414,1130004144,!a0cb4a5c,30.3500003814697,55.0283203125,928.33154296875,,,,-38,8.25,0
2026-04-23T20:41:14.598803,1130004144,!a0cb4a5c,,,,,,,-37,7,0
2026-04-23T20:41:39.290864,1130004144,!a0cb4a5c,30.25,55.2822265625,928.310180664062,,,,-37,7.25,0
2026-04-23T20:44:16.444839,1130004144,!a0cb4a5c,,,,,,,-37,7.75,0
2026-04-23T20:44:39.306959,1130004144,!a0cb4a5c,30.1499996185303,55.603515625,928.415649414062,,,,-37,7,0
2026-04-23T20:47:14.034436,1130004144,!a0cb4a5c,,,,,,,-38,7,0
2026-04-23T20:47:39.422982,1130004144,!a0cb4a5c,30.0599994659424,55.892578125,928.417236328125,,,,-37,8,0
2026-04-23T20:50:14.291927,1130004144,!a0cb4a5c,,,,,,,-38,7.5,0
2026-04-23T20:50:39.344446,1130004144,!a0cb4a5c,29.9300003051758,55.95703125,928.476379394531,,,,-37,7.25,0
2026-04-23T20:53:14.130770,1130004144,!a0cb4a5c,,,,,,,-38,8.5,0
2026-04-23T20:53:39.409746,1130004144,!a0cb4a5c,29.8099994659424,56.1845703125,928.487182617188,,,,-38,8.75,0
2026-04-23T20:56:14.052864,1130004144,!a0cb4a5c,,,,,,,-38,7.25,0
2026-04-23T20:56:39.526040,1130004144,!a0cb4a5c,29.7000007629395,56.482421875,928.486083984375,,,,-37,7.25,0
2026-04-23T20:59:14.068416,1130004144,!a0cb4a5c,,,,,,,-37,7,0
2026-04-23T20:59:40.563302,1130004144,!a0cb4a5c,29.6399993896484,56.80859375,928.366271972656,,,,-37,7.25,0
2026-04-23T21:02:14.274376,1130004144,!a0cb4a5c,,,,,,,-37,6.75,0
2026-04-23T21:02:39.632929,1130004144,!a0cb4a5c,29.5900001525879,57.0546875,928.456726074219,,,,-37,9,0
2026-04-23T21:05:14.149987,1130004144,!a0cb4a5c,,,,,,,-37,8.75,0
2026-04-23T21:05:39.337010,1130004144,!a0cb4a5c,29.5599994659424,57.2119140625,928.549865722656,,,,-37,9,0
2026-04-23T21:08:14.224239,1130004144,!a0cb4a5c,,,,,,,-38,9.5,0
2026-04-23T21:08:39.546766,1130004144,!a0cb4a5c,29.5,57.3076171875,928.624938964844,,,,-38,9.25,0
2026-04-23T21:11:14.175974,1130004144,!a0cb4a5c,,,,,,,-37,8.75,0
2026-04-23T21:11:39.485083,1130004144,!a0cb4a5c,29.4200000762939,57.5166015625,928.677185058594,,,,-37,7.75,0
2026-04-23T21:14:14.968334,1130004144,!a0cb4a5c,,,,,,,-37,7.25,0
2026-04-23T21:14:39.549990,1130004144,!a0cb4a5c,29.3799991607666,57.798828125,928.663879394531,,,,-37,8,0
2026-04-23T21:17:14.787193,1130004144,!a0cb4a5c,,,,,,,-38,9,0
2026-04-23T21:17:39.565448,1130004144,!a0cb4a5c,29.3500003814697,57.990234375,928.764587402344,,,,-38,7,0
2026-04-23T21:20:14.899623,1130004144,!a0cb4a5c,,,,,,,-38,8.5,0
2026-04-23T21:20:39.696276,1130004144,!a0cb4a5c,29.3299999237061,58.1591796875,928.837829589844,,,,-38,7.25,0
2026-04-23T21:23:14.838308,1130004144,!a0cb4a5c,,,,,,,-38,8.25,0
2026-04-23T21:23:39.553694,1130004144,!a0cb4a5c,29.2999992370605,58.318359375,928.799072265625,,,,-38,9.25,0
2026-04-23T21:26:14.977860,1130004144,!a0cb4a5c,,,,,,,-37,7.25,0
2026-04-23T21:26:39.523375,1130004144,!a0cb4a5c,29.2800006866455,58.4296875,928.955627441406,,,,-37,8.5,0
2026-04-23T21:29:14.608326,1130004144,!a0cb4a5c,,,,,,,-37,7.75,0
2026-04-23T21:29:39.399224,1130004144,!a0cb4a5c,29.25,58.611328125,928.952758789062,,,,-37,8,0
2026-04-23T21:32:14.285414,1130004144,!a0cb4a5c,,,,,,,-38,8,0
2026-04-23T21:32:39.750665,1130004144,!a0cb4a5c,29.2299995422363,58.7470703125,928.950073242188,,,,-37,7,0
2026-04-23T21:35:14.397167,1130004144,!a0cb4a5c,,,,,,,-37,7,0
2026-04-23T21:35:40.413287,1130004144,!a0cb4a5c,29.2299995422363,58.8603515625,929.02587890625,,,,-36,7.75,0
2026-04-23T21:38:14.461294,1130004144,!a0cb4a5c,,,,,,,-37,7,0
2026-04-23T21:38:39.784177,1130004144,!a0cb4a5c,29.2099990844727,58.962890625,929.002807617188,,,,-38,7.75,0
2026-04-23T21:41:14.572988,1130004144,!a0cb4a5c,,,,,,,-37,7.5,0
2026-04-23T21:41:40.098188,1130004144,!a0cb4a5c,29.2099990844727,59.06640625,929.086242675781,,,,-38,7.75,0
2026-04-23T21:44:14.445321,1130004144,!a0cb4a5c,,,,,,,-37,7,0
2026-04-23T21:44:39.726289,1130004144,!a0cb4a5c,29.1900005340576,59.177734375,929.103454589844,,,,-38,7.75,0
2026-04-23T21:47:15.379259,1130004144,!a0cb4a5c,,,,,,,-37,7.25,0
2026-04-23T21:47:39.551888,1130004144,!a0cb4a5c,29.1599998474121,59.3349609375,929.065246582031,,,,-37,7,0
2026-04-23T21:50:14.636241,1130004144,!a0cb4a5c,,,,,,,-37,7.25,0
2026-04-23T21:50:39.570337,1130004144,!a0cb4a5c,29.1299991607666,59.388671875,929.047180175781,,,,-37,7.5,0
2026-04-23T21:53:14.539459,1130004144,!a0cb4a5c,,,,,,,-37,8.25,0
2026-04-23T21:53:39.702056,1130004144,!a0cb4a5c,29.1200008392334,59.5234375,929.079711914062,,,,-38,7.75,0
2026-04-23T21:56:14.602994,1130004144,!a0cb4a5c,,,,,,,-38,7.25,0
2026-04-23T21:56:39.701892,1130004144,!a0cb4a5c,29.1000003814697,59.6376953125,929.14013671875,,,,-37,7.25,0
2026-04-23T21:59:14.572320,1130004144,!a0cb4a5c,,,,,,,-37,7,0
2026-04-23T21:59:39.928016,1130004144,!a0cb4a5c,29.1100006103516,59.7412109375,929.092163085938,,,,-38,7.5,0
2026-04-23T22:02:14.405829,1130004144,!a0cb4a5c,,,,,,,-37,7.25,0
2026-04-23T22:02:40.413554,1130004144,!a0cb4a5c,29.1299991607666,59.7666015625,929.039428710938,,,,-38,7.25,0
2026-04-23T22:05:14.439419,1130004144,!a0cb4a5c,,,,,,,-37,7.75,0
2026-04-23T22:05:39.948356,1130004144,!a0cb4a5c,29.1399993896484,59.8251953125,929.082336425781,,,,-38,8.5,0
2026-04-23T22:08:15.181757,1130004144,!a0cb4a5c,,,,,,,-37,7.25,0
2026-04-23T22:08:39.772976,1130004144,!a0cb4a5c,29.1299991607666,59.84765625,929.102783203125,,,,-37,7.5,0
2026-04-23T22:11:14.471214,1130004144,!a0cb4a5c,,,,,,,-37,7.25,0
2026-04-23T22:11:39.956570,1130004144,!a0cb4a5c,29.1100006103516,59.9013671875,929.036560058594,,,,-37,7,0
2026-04-23T22:14:14.562872,1130004144,!a0cb4a5c,,,,,,,-37,7.25,0
2026-04-23T22:14:39.845686,1130004144,!a0cb4a5c,29.0699996948242,59.9892578125,929.06640625,,,,-37,8.25,0
2026-04-23T22:17:14.818457,1130004144,!a0cb4a5c,,,,,,,-37,7.25,0
2026-04-23T22:17:39.752193,1130004144,!a0cb4a5c,29.0400009155273,60.1220703125,929.040283203125,,,,-37,8,0
2026-04-23T22:20:14.755376,1130004144,!a0cb4a5c,,,,,,,-38,7,0
2026-04-23T22:20:40.637340,1130004144,!a0cb4a5c,29.0200004577637,60.212890625,929.128723144531,,,,-37,8.25,0
2026-04-23T22:23:14.658038,1130004144,!a0cb4a5c,,,,,,,-38,7.5,0
2026-04-23T22:23:39.758203,1130004144,!a0cb4a5c,29.0200004577637,60.3388671875,929.128723144531,,,,-38,7,0
2026-04-23T22:26:14.865827,1130004144,!a0cb4a5c,,,,,,,-37,8.75,0
2026-04-23T22:26:39.759574,1130004144,!a0cb4a5c,29.0300006866455,60.3740234375,929.219970703125,,,,-37,7,0
2026-04-23T22:29:15.272326,1130004144,!a0cb4a5c,,,,,,,-37,7.75,0
2026-04-23T22:29:39.938865,1130004144,!a0cb4a5c,29.0100002288818,60.37109375,929.196899414062,,,,-37,7.25,0
2026-04-23T22:32:14.564401,1130004144,!a0cb4a5c,,,,,,,-37,8.25,0
2026-04-23T22:32:39.842054,1130004144,!a0cb4a5c,28.9899997711182,60.4482421875,929.24951171875,,,,-37,7.25,0
2026-04-23T22:35:15.177329,1130004144,!a0cb4a5c,,,,,,,-38,7.5,0
2026-04-23T22:35:40.164192,1130004144,!a0cb4a5c,28.9899997711182,60.4716796875,929.388671875,,,,-37,7,0
2026-04-23T22:38:14.739775,1130004144,!a0cb4a5c,,,,,,,-37,7,0
2026-04-23T22:38:39.881148,1130004144,!a0cb4a5c,28.9899997711182,60.517578125,929.380920410156,,,,-37,8,0
2026-04-23T22:41:15.179362,1130004144,!a0cb4a5c,,,,,,,-38,7.25,0
2026-04-23T22:41:40.039105,1130004144,!a0cb4a5c,28.9699993133545,60.595703125,929.525085449219,,,,-37,6.75,0
2026-04-23T22:44:14.673564,1130004144,!a0cb4a5c,,,,,,,-37,7.25,0
2026-04-23T22:44:40.653112,1130004144,!a0cb4a5c,28.9400005340576,60.6142578125,929.478881835938,,,,-37,7,0
2026-04-23T22:47:15.067810,1130004144,!a0cb4a5c,,,,,,,-37,7,0
2026-04-23T22:47:39.907322,1130004144,!a0cb4a5c,28.9099998474121,60.6337890625,929.544189453125,,,,-37,7.5,0
2026-04-23T22:50:15.018725,1130004144,!a0cb4a5c,,,,,,,-37,8.5,0
2026-04-23T22:50:40.083014,1130004144,!a0cb4a5c,28.8700008392334,60.8671875,929.717834472656,,,,-37,7,0
2026-04-23T22:53:14.907560,1130004144,!a0cb4a5c,,,,,,,-37,7.25,0
2026-04-23T22:53:40.149242,1130004144,!a0cb4a5c,28.8600006103516,60.8671875,929.717834472656,,,,-37,7.25,0
2026-04-23T22:56:14.785066,1130004144,!a0cb4a5c,,,,,,,-37,7,0
2026-04-23T22:56:39.976790,1130004144,!a0cb4a5c,28.8600006103516,60.958984375,929.737976074219,,,,-37,7,0
2026-04-23T22:59:15.228365,1130004144,!a0cb4a5c,,,,,,,-37,7,0
2026-04-23T22:59:40.138065,1130004144,!a0cb4a5c,28.8600006103516,61.0166015625,929.74560546875,,,,-38,7.5,0
2026-04-23T23:02:15.008985,1130004144,!a0cb4a5c,,,,,,,-37,8,0
2026-04-23T23:02:40.252315,1130004144,!a0cb4a5c,28.8500003814697,61.0380859375,929.757995605469,,,,-37,7.75,0
2026-04-23T23:05:15.609682,1130004144,!a0cb4a5c,,,,,,,-38,7,0
2026-04-23T23:05:40.268046,1130004144,!a0cb4a5c,28.8400001525879,61.12890625,929.826110839844,,,,-37,7.25,0
2026-04-23T23:08:14.896881,1130004144,!a0cb4a5c,,,,,,,-37,7,0
2026-04-23T23:08:40.302597,1130004144,!a0cb4a5c,28.8299999237061,61.1748046875,929.79052734375,,,,-37,8,0
2026-04-23T23:11:14.976897,1130004144,!a0cb4a5c,,,,,,,-37,8,0
2026-04-23T23:11:40.368472,1130004144,!a0cb4a5c,28.8199996948242,61.1943359375,929.795532226562,,,,-37,7.75,0
2026-04-23T23:14:15.767390,1130004144,!a0cb4a5c,,,,,,,-37,7.25,0
2026-04-23T23:14:40.084295,1130004144,!a0cb4a5c,28.7800006866455,61.1787109375,929.713745117188,,,,-37,7.25,0
2026-04-23T23:17:14.848855,1130004144,!a0cb4a5c,,,,,,,-37,8,0
2026-04-23T23:17:40.387485,1130004144,!a0cb4a5c,28.7600002288818,61.244140625,929.842407226562,,,,-37,7.5,0
2026-04-23T23:20:14.866410,1130004144,!a0cb4a5c,,,,,,,-37,7.25,0
2026-04-23T23:20:40.407922,1130004144,!a0cb4a5c,28.7700004577637,61.3720703125,929.941223144531,,,,-37,7.25,0
2026-04-23T23:23:15.843523,1130004144,!a0cb4a5c,,,,,,,-37,7.5,0
2026-04-23T23:23:40.230727,1130004144,!a0cb4a5c,28.7900009155273,61.41015625,930.06298828125,,,,-37,7.25,0
2026-04-23T23:26:15.088401,1130004144,!a0cb4a5c,,,,,,,-37,7.25,0
2026-04-23T23:26:40.297264,1130004144,!a0cb4a5c,28.8099994659424,61.412109375,929.919189453125,,,,-37,7.75,0
2026-04-23T23:29:15.055896,1130004144,!a0cb4a5c,,,,,,,-37,7,0
2026-04-23T23:29:40.316134,1130004144,!a0cb4a5c,28.8500003814697,61.392578125,929.917175292969,,,,-37,7.75,0
2026-04-23T23:32:15.750131,1130004144,!a0cb4a5c,,,,,,,-37,7.25,0
2026-04-23T23:32:40.333255,1130004144,!a0cb4a5c,28.8600006103516,61.326171875,929.829040527344,,,,-37,7.25,0
2026-04-23T23:35:15.527302,1130004144,!a0cb4a5c,,,,,,,-37,7.25,0
2026-04-23T23:35:40.302928,1130004144,!a0cb4a5c,28.8700008392334,61.3037109375,929.808959960938,,,,-37,7,0
2026-04-23T23:38:15.103577,1130004144,!a0cb4a5c,,,,,,,-37,7,0
2026-04-23T23:38:40.237225,1130004144,!a0cb4a5c,28.8600006103516,61.26953125,929.829040527344,,,,-37,7.5,0
2026-04-23T23:41:15.652808,1130004144,!a0cb4a5c,,,,,,,-37,7,0
2026-04-23T23:41:40.396728,1130004144,!a0cb4a5c,28.8500003814697,61.2568359375,929.702331542969,,,,-37,7.25,0
2026-04-23T23:44:14.990829,1130004144,!a0cb4a5c,,,,,,,-37,7.75,0
2026-04-23T23:44:40.653072,1130004144,!a0cb4a5c,28.8400001525879,61.2783203125,929.74267578125,,,,-37,7.25,0
2026-04-23T23:47:15.215544,1130004144,!a0cb4a5c,,,,,,,-37,7.5,0
2026-04-23T23:47:40.336300,1130004144,!a0cb4a5c,28.8299999237061,61.2421875,929.699401855469,,,,-37,7.25,0
2026-04-23T23:50:15.166346,1130004144,!a0cb4a5c,,,,,,,-38,7.25,0
2026-04-23T23:50:40.539045,1130004144,!a0cb4a5c,28.7999992370605,61.306640625,929.709045410156,,,,-37,7,0
2026-04-23T23:53:15.150804,1130004144,!a0cb4a5c,,,,,,,-37,7,0
2026-04-23T23:53:40.565343,1130004144,!a0cb4a5c,28.7800006866455,61.3505859375,929.658142089844,,,,-38,7,0
2026-04-23T23:56:15.731082,1130004144,!a0cb4a5c,,,,,,,-37,8.5,0
2026-04-23T23:56:40.677171,1130004144,!a0cb4a5c,28.7700004577637,61.3828125,929.69091796875,,,,-37,7,0
2026-04-23T23:59:21.655181,1130004144,!a0cb4a5c,,,,,,,-73,7.5,1
2026-04-23T23:59:40.425984,1130004144,!a0cb4a5c,28.7600002288818,61.427734375,929.786804199219,,,,-37,7.5,0
2026-04-24T00:02:15.291261,1130004144,!a0cb4a5c,,,,,,,-37,7.25,0
2026-04-24T00:02:40.569668,1130004144,!a0cb4a5c,28.7399997711182,61.482421875,929.811584472656,,,,-37,7.75,0
2026-04-24T00:05:16.342570,1130004144,!a0cb4a5c,,,,,,,-37,7.25,0
2026-04-24T00:05:40.490949,1130004144,!a0cb4a5c,28.7600002288818,61.53125,929.731201171875,,,,-37,7.5,0
2026-04-24T00:08:15.252391,1130004144,!a0cb4a5c,,,,,,,-37,7.25,0
2026-04-24T00:08:40.556725,1130004144,!a0cb4a5c,28.75,61.5771484375,929.806884765625,,,,-37,7.25,0
2026-04-24T00:11:15.404194,1130004144,!a0cb4a5c,,,,,,,-38,7.75,0
2026-04-24T00:11:40.623067,1130004144,!a0cb4a5c,28.7299995422363,61.5859375,929.748291015625,,,,-37,7.75,0
2026-04-24T00:14:15.178659,1130004144,!a0cb4a5c,,,,,,,-37,7.25,0
2026-04-24T00:14:45.776631,1130004144,!a0cb4a5c,28.7099990844727,61.5947265625,929.717407226562,,,,-73,7.5,1
2026-04-24T00:17:15.757955,1130004144,!a0cb4a5c,,,,,,,-37,7.75,0
2026-04-24T00:17:40.516239,1130004144,!a0cb4a5c,28.6900005340576,61.66015625,929.630920410156,,,,-37,7.25,0
2026-04-24T00:20:16.062757,1130004144,!a0cb4a5c,,,,,,,-37,7.75,0
2026-04-24T00:20:40.532353,1130004144,!a0cb4a5c,28.6900005340576,61.6708984375,929.512023925781,,,,-36,8.5,0
2026-04-24T00:23:15.498389,1130004144,!a0cb4a5c,,,,,,,-37,7.75,0
2026-04-24T00:23:40.839150,1130004144,!a0cb4a5c,28.6900005340576,61.7060546875,929.512023925781,,,,-37,8,0
2026-04-24T00:26:15.418038,1130004144,!a0cb4a5c,,,,,,,-37,7.5,0
2026-04-24T00:26:40.872499,1130004144,!a0cb4a5c,28.6700000762939,61.724609375,929.43359375,,,,-37,8,0
2026-04-24T00:29:15.935328,1130004144,!a0cb4a5c,,,,,,,-37,7,0
2026-04-24T00:29:40.557523,1130004144,!a0cb4a5c,28.6599998474121,61.7236328125,929.382629394531,,,,-37,8.25,0
2026-04-24T00:32:15.839656,1130004144,!a0cb4a5c,,,,,,,-37,7,0
2026-04-24T00:32:40.765157,1130004144,!a0cb4a5c,28.6399993896484,61.791015625,929.331726074219,,,,-37,8,0
2026-04-24T00:35:17.879492,1130004144,!a0cb4a5c,,,,,,,-73,7.5,1
2026-04-24T00:35:40.863282,1130004144,!a0cb4a5c,28.6399993896484,61.8701171875,929.268432617188,,,,-38,7.5,0
2026-04-24T00:38:15.544587,1130004144,!a0cb4a5c,,,,,,,-36,7.5,0
2026-04-24T00:38:41.413394,1130004144,!a0cb4a5c,28.6399993896484,61.8828125,929.164855957031,,,,-37,7.25,0
2026-04-24T00:41:15.573567,1130004144,!a0cb4a5c,,,,,,,-37,7.25,0
2026-04-24T00:41:40.658646,1130004144,!a0cb4a5c,28.6399993896484,61.9736328125,929.12939453125,,,,-37,7.25,0
2026-04-24T00:44:15.606626,1130004144,!a0cb4a5c,,,,,,,-37,7,0
2026-04-24T00:44:40.965692,1130004144,!a0cb4a5c,28.6200008392334,61.958984375,929.023132324219,,,,-37,7,0
2026-04-24T00:47:16.011497,1130004144,!a0cb4a5c,,,,,,,-37,7.5,0
2026-04-24T00:47:40.933913,1130004144,!a0cb4a5c,28.6100006103516,61.9921875,929.02783203125,,,,-37,7.75,0
2026-04-24T00:50:15.494821,1130004144,!a0cb4a5c,,,,,,,-37,8.25,0
2026-04-24T00:50:41.995992,1130004144,!a0cb4a5c,28.6100006103516,62.0615234375,929.02783203125,,,,-37,8.5,0
2026-04-24T00:53:15.515687,1130004144,!a0cb4a5c,,,,,,,-37,7.75,0
2026-04-24T00:53:41.017698,1130004144,!a0cb4a5c,28.5900001525879,62.1162109375,928.96923828125,,,,-37,7,0
2026-04-24T00:56:15.483598,1130004144,!a0cb4a5c,,,,,,,-37,7,0
2026-04-24T00:56:40.797792,1130004144,!a0cb4a5c,28.5799999237061,62.1484375,928.926025390625,,,,-37,7,0
2026-04-24T00:59:15.557393,1130004144,!a0cb4a5c,,,,,,,-37,7.75,0
2026-04-24T00:59:40.879737,1130004144,!a0cb4a5c,28.5799999237061,62.125,928.870361328125,,,,-37,7,0
2026-04-24T01:02:15.401185,1130004144,!a0cb4a5c,,,,,,,-37,7,0
2026-04-24T01:02:40.930390,1130004144,!a0cb4a5c,28.5699996948242,62.240234375,928.799682617188,,,,-38,8.25,0
2026-04-24T01:05:15.401005,1130004144,!a0cb4a5c,,,,,,,-37,7,0
2026-04-24T01:05:40.904242,1130004144,!a0cb4a5c,28.5499992370605,62.236328125,928.720947265625,,,,-37,7.75,0
2026-04-24T01:08:15.524851,1130004144,!a0cb4a5c,,,,,,,-37,7.75,0
2026-04-24T01:08:40.895184,1130004144,!a0cb4a5c,28.5300006866455,62.267578125,928.710327148438,,,,-38,7.5,0
2026-04-24T01:11:15.589352,1130004144,!a0cb4a5c,,,,,,,-37,7,0
2026-04-24T01:11:40.896304,1130004144,!a0cb4a5c,28.5200004577637,62.3349609375,928.639526367188,,,,-37,8,0
2026-04-24T01:14:15.746940,1130004144,!a0cb4a5c,,,,,,,-37,7,0
2026-04-24T01:14:41.126072,1130004144,!a0cb4a5c,28.5,62.3671875,928.560852050781,,,,-37,7.25,0
2026-04-24T01:17:16.183658,1130004144,!a0cb4a5c,,,,,,,-37,7.5,0
2026-04-24T01:17:40.858177,1130004144,!a0cb4a5c,28.4899997711182,62.3876953125,928.565612792969,,,,-37,7.5,0
2026-04-24T01:20:15.810495,1130004144,!a0cb4a5c,,,,,,,-37,7.75,0
2026-04-24T01:20:40.859143,1130004144,!a0cb4a5c,28.4899997711182,62.3759765625,928.537841796875,,,,-37,8.75,0
2026-04-24T01:23:16.178278,1130004144,!a0cb4a5c,,,,,,,-37,8.75,0
2026-04-24T01:23:40.920751,1130004144,!a0cb4a5c,28.4699993133545,62.4208984375,928.486877441406,,,,-37,7,0
2026-04-24T01:26:16.281522,1130004144,!a0cb4a5c,,,,,,,-37,7,0
2026-04-24T01:26:41.147710,1130004144,!a0cb4a5c,28.4799995422363,62.443359375,928.411193847656,,,,-37,7.25,0
2026-04-24T01:29:15.525311,1130004144,!a0cb4a5c,,,,,,,-37,7.5,0
2026-04-24T01:29:41.004411,1130004144,!a0cb4a5c,28.4599990844727,62.4638671875,928.436279296875,,,,-38,7,0
2026-04-24T01:32:15.602611,1130004144,!a0cb4a5c,,,,,,,-38,7,0
2026-04-24T01:32:40.929277,1130004144,!a0cb4a5c,28.4500007629395,62.509765625,928.345153808594,,,,-37,7.25,0
2026-04-24T01:35:15.746429,1130004144,!a0cb4a5c,,,,,,,-38,7,0
2026-04-24T01:35:41.088784,1130004144,!a0cb4a5c,28.4500007629395,62.5556640625,928.372985839844,,,,-38,7.5,0
2026-04-24T01:38:15.574117,1130004144,!a0cb4a5c,,,,,,,-37,8,0
2026-04-24T01:38:41.154270,1130004144,!a0cb4a5c,28.4599990844727,62.5556640625,928.380615234375,,,,-37,9,0
2026-04-24T01:41:16.648285,1130004144,!a0cb4a5c,,,,,,,-37,8.25,0
2026-04-24T01:41:41.610083,1130004144,!a0cb4a5c,28.4500007629395,62.5205078125,928.365295410156,,,,-37,7.75,0
2026-04-24T01:44:15.746647,1130004144,!a0cb4a5c,,,,,,,-37,7,0
2026-04-24T01:44:41.237813,1130004144,!a0cb4a5c,28.4200000762939,62.52734375,928.34716796875,,,,-37,7.5,0
2026-04-24T01:47:16.533463,1130004144,!a0cb4a5c,,,,,,,-37,7,0
2026-04-24T01:47:41.112898,1130004144,!a0cb4a5c,28.4200000762939,62.6650390625,928.319396972656,,,,-38,8.5,0
2026-04-24T01:50:16.549640,1130004144,!a0cb4a5c,,,,,,,-37,8.75,0
2026-04-24T01:50:41.194847,1130004144,!a0cb4a5c,28.4099998474121,62.67578125,928.256103515625,,,,-38,7.25,0
2026-04-24T01:53:15.971647,1130004144,!a0cb4a5c,,,,,,,-37,6.75,0
2026-04-24T01:53:41.339764,1130004144,!a0cb4a5c,28.4099998474121,62.640625,928.228271484375,,,,-37,7,0
2026-04-24T01:56:16.007468,1130004144,!a0cb4a5c,,,,,,,-37,7,0
2026-04-24T01:56:41.622511,1130004144,!a0cb4a5c,28.3999996185303,62.6396484375,928.276184082031,,,,-38,7,0
2026-04-24T01:59:15.834284,1130004144,!a0cb4a5c,,,,,,,-37,7,0
2026-04-24T01:59:41.279351,1130004144,!a0cb4a5c,28.3999996185303,62.697265625,928.276184082031,,,,-37,7.5,0
2026-04-24T02:02:15.751173,1130004144,!a0cb4a5c,,,,,,,-37,7,0
2026-04-24T02:02:41.209614,1130004144,!a0cb4a5c,28.4099998474121,62.7216796875,928.256103515625,,,,-37,7.75,0
2026-04-24T02:05:15.910537,1130004144,!a0cb4a5c,,,,,,,-37,8,0
2026-04-24T02:05:41.326110,1130004144,!a0cb4a5c,28.4099998474121,62.7099609375,928.200439453125,,,,-37,7,0
2026-04-24T02:08:15.753131,1130004144,!a0cb4a5c,,,,,,,-37,7,0
2026-04-24T02:08:41.532414,1130004144,!a0cb4a5c,28.4200000762939,62.7451171875,928.263732910156,,,,-37,7.25,0
2026-04-24T02:11:16.055049,1130004144,!a0cb4a5c,,,,,,,-37,7.25,0
2026-04-24T02:11:41.219078,1130004144,!a0cb4a5c,28.3999996185303,62.7314453125,928.212951660156,,,,-37,8,0
2026-04-24T02:14:15.958572,1130004144,!a0cb4a5c,,,,,,,-38,8.25,0
2026-04-24T02:14:41.423693,1130004144,!a0cb4a5c,28.3899993896484,62.7529296875,928.280944824219,,,,-37,8.25,0
2026-04-24T02:17:16.117908,1130004144,!a0cb4a5c,,,,,,,-37,7.5,0
2026-04-24T02:17:41.541678,1130004144,!a0cb4a5c,28.3799991607666,62.7978515625,928.273193359375,,,,-37,7.25,0
2026-04-24T02:20:16.133907,1130004144,!a0cb4a5c,,,,,,,-37,7.75,0
2026-04-24T02:20:41.225588,1130004144,!a0cb4a5c,28.3600006103516,62.794921875,928.131591796875,,,,-37,7.75,0
2026-04-24T02:23:15.873347,1130004144,!a0cb4a5c,,,,,,,-37,6.75,0
2026-04-24T02:23:41.387597,1130004144,!a0cb4a5c,28.3500003814697,62.8515625,928.080627441406,,,,-37,7.25,0
2026-04-24T02:26:15.845068,1130004144,!a0cb4a5c,,,,,,,-37,7.5,0
2026-04-24T02:26:41.451064,1130004144,!a0cb4a5c,28.3400001525879,62.884765625,928.100769042969,,,,-38,7,0
2026-04-24T02:29:15.906278,1130004144,!a0cb4a5c,,,,,,,-38,7.5,0
2026-04-24T02:29:41.608528,1130004144,!a0cb4a5c,28.3299999237061,62.9287109375,928.002014160156,,,,-37,7.5,0
2026-04-24T02:32:15.939350,1130004144,!a0cb4a5c,,,,,,,-38,7.25,0
2026-04-24T02:32:41.598981,1130004144,!a0cb4a5c,28.3299999237061,62.927734375,928.022033691406,,,,-37,7.5,0
2026-04-24T02:35:16.565782,1130004144,!a0cb4a5c,,,,,,,-37,8.25,0
2026-04-24T02:35:41.915428,1130004144,!a0cb4a5c,28.3099994659424,62.9375,927.915954589844,,,,-37,8.75,0
2026-04-24T02:38:16.002212,1130004144,!a0cb4a5c,,,,,,,-37,7.5,0
2026-04-24T02:38:41.682662,1130004144,!a0cb4a5c,28.2999992370605,63.0048828125,927.928283691406,,,,-37,7.25,0
2026-04-24T02:41:16.161874,1130004144,!a0cb4a5c,,,,,,,-37,7.5,0
2026-04-24T02:41:41.444403,1130004144,!a0cb4a5c,28.2999992370605,63.0263671875,927.920654296875,,,,-37,8,0
2026-04-24T02:44:16.470284,1130004144,!a0cb4a5c,,,,,,,-37,7.25,0
2026-04-24T02:44:41.557050,1130004144,!a0cb4a5c,28.2900009155273,63.048828125,927.905212402344,,,,-37,7.25,0
2026-04-24T02:47:15.955587,1130004144,!a0cb4a5c,,,,,,,-37,7.5,0
2026-04-24T02:47:41.720024,1130004144,!a0cb4a5c,28.2900009155273,63.015625,927.885131835938,,,,-37,7,0
2026-04-24T02:50:15.988320,1130004144,!a0cb4a5c,,,,,,,-37,7.25,0
2026-04-24T02:50:41.694738,1130004144,!a0cb4a5c,28.2800006866455,63.046875,927.889831542969,,,,-37,7.5,0
2026-04-24T02:53:16.081614,1130004144,!a0cb4a5c,,,,,,,-37,7.5,0
2026-04-24T02:53:41.468359,1130004144,!a0cb4a5c,28.2800006866455,63.0927734375,927.897521972656,,,,-37,7.5,0
2026-04-24T02:56:16.730140,1130004144,!a0cb4a5c,,,,,,,-37,7.5,0
2026-04-24T02:56:41.630131,1130004144,!a0cb4a5c,28.2900009155273,63.12890625,927.794067382812,,,,-37,7.5,0
2026-04-24T02:59:16.131063,1130004144,!a0cb4a5c,,,,,,,-37,7.5,0
2026-04-24T02:59:41.759030,1130004144,!a0cb4a5c,28.2900009155273,63.1298828125,927.718383789062,,,,-37,7.5,0
2026-04-24T03:02:16.321231,1130004144,!a0cb4a5c,,,,,,,-37,7.25,0
2026-04-24T03:02:42.127243,1130004144,!a0cb4a5c,28.2999992370605,63.1064453125,927.72607421875,,,,-37,8,0
2026-04-24T03:05:16.050751,1130004144,!a0cb4a5c,,,,,,,-37,7.25,0
2026-04-24T03:05:42.186264,1130004144,!a0cb4a5c,28.3099994659424,63.0634765625,927.693603515625,,,,-37,7.75,0
2026-04-24T03:08:16.351793,1130004144,!a0cb4a5c,,,,,,,-37,7.75,0
2026-04-24T03:08:41.672276,1130004144,!a0cb4a5c,28.3099994659424,63.0390625,927.685852050781,,,,-37,7.25,0
2026-04-24T03:11:16.431705,1130004144,!a0cb4a5c,,,,,,,-37,7.25,0
2026-04-24T03:11:41.625673,1130004144,!a0cb4a5c,28.2900009155273,63.0029296875,927.627258300781,,,,-37,8.25,0
2026-04-24T03:14:16.337508,1130004144,!a0cb4a5c,,,,,,,-37,7.25,0
2026-04-24T03:14:41.835510,1130004144,!a0cb4a5c,28.2700004577637,62.9775390625,927.659851074219,,,,-37,9,0
2026-04-24T03:17:16.208383,1130004144,!a0cb4a5c,,,,,,,-37,7,0
2026-04-24T03:17:41.805730,1130004144,!a0cb4a5c,28.25,62.974609375,927.677185058594,,,,-37,7.75,0
2026-04-24T03:20:16.483662,1130004144,!a0cb4a5c,,,,,,,-37,7.25,0
2026-04-24T03:20:41.649795,1130004144,!a0cb4a5c,28.2199993133545,62.935546875,927.71435546875,,,,-38,7.25,0
2026-04-24T03:23:16.439459,1130004144,!a0cb4a5c,,,,,,,-38,7.25,0
2026-04-24T03:23:41.890900,1130004144,!a0cb4a5c,28.1800003051758,62.9541015625,927.744201660156,,,,-37,8,0
2026-04-24T03:26:16.359819,1130004144,!a0cb4a5c,,,,,,,-37,7.5,0
2026-04-24T03:26:42.395189,1130004144,!a0cb4a5c,28.1100006103516,62.9423828125,927.740173339844,,,,-37,7.25,0
2026-04-24T03:29:17.003967,1130004144,!a0cb4a5c,,,,,,,-37,7,0
2026-04-24T03:29:41.839430,1130004144,!a0cb4a5c,28.0599994659424,63.0634765625,927.726501464844,,,,-37,8,0
2026-04-24T03:32:16.534494,1130004144,!a0cb4a5c,,,,,,,-37,7.75,0
2026-04-24T03:32:42.019618,1130004144,!a0cb4a5c,28.0200004577637,63.125,927.740844726562,,,,-37,7.5,0
2026-04-24T03:35:17.085710,1130004144,!a0cb4a5c,,,,,,,-37,7,0
2026-04-24T03:35:42.033640,1130004144,!a0cb4a5c,28.0100002288818,63.2607421875,927.642517089844,,,,-37,7.25,0
2026-04-24T03:38:16.231773,1130004144,!a0cb4a5c,,,,,,,-37,7.25,0
2026-04-24T03:38:42.050088,1130004144,!a0cb4a5c,28,63.36328125,927.662475585938,,,,-37,7.25,0
2026-04-24T03:41:17.159860,1130004144,!a0cb4a5c,,,,,,,-37,7.75,0
2026-04-24T03:41:42.038453,1130004144,!a0cb4a5c,28.0200004577637,63.412109375,927.609680175781,,,,-36,7.25,0
2026-04-24T03:44:16.596660,1130004144,!a0cb4a5c,,,,,,,-37,7.75,0
2026-04-24T03:44:42.038788,1130004144,!a0cb4a5c,28.0400009155273,63.3798828125,927.6328125,,,,-37,9,0
2026-04-24T03:47:17.018793,1130004144,!a0cb4a5c,,,,,,,-37,8,0
2026-04-24T03:47:42.009187,1130004144,!a0cb4a5c,28.0400009155273,63.3232421875,927.716064453125,,,,-38,8.75,0
2026-04-24T03:50:23.090904,1130004144,!a0cb4a5c,,,,,,,-72,7.5,1
2026-04-24T03:50:42.334505,1130004144,!a0cb4a5c,28.0300006866455,63.3564453125,927.736145019531,,,,-37,7.5,0
2026-04-24T03:53:16.329206,1130004144,!a0cb4a5c,,,,,,,-37,7.25,0
2026-04-24T03:53:42.156645,1130004144,!a0cb4a5c,28.0300006866455,63.3544921875,927.811767578125,,,,-38,7.75,0
2026-04-24T03:56:17.163786,1130004144,!a0cb4a5c,,,,,,,-37,7.25,0
2026-04-24T03:56:42.107296,1130004144,!a0cb4a5c,28.0300006866455,63.390625,927.819519042969,,,,-37,7.25,0
2026-04-24T03:59:16.412071,1130004144,!a0cb4a5c,,,,,,,-37,7.25,0
2026-04-24T03:59:42.192078,1130004144,!a0cb4a5c,28.0300006866455,63.40234375,927.819519042969,,,,-38,7.75,0
2026-04-24T04:02:16.709619,1130004144,!a0cb4a5c,,,,,,,-36,7,0
2026-04-24T04:02:42.534656,1130004144,!a0cb4a5c,28.0400009155273,63.3916015625,927.751586914062,,,,-37,7.75,0
2026-04-24T04:05:16.486654,1130004144,!a0cb4a5c,,,,,,,-37,7.5,0
2026-04-24T04:05:47.208265,1130004144,!a0cb4a5c,28.0400009155273,63.44921875,927.779357910156,,,,-72,7.5,1
2026-04-24T04:08:16.407858,1130004144,!a0cb4a5c,,,,,,,-37,7.25,0
2026-04-24T04:08:42.037649,1130004144,!a0cb4a5c,28.0499992370605,63.345703125,927.870361328125,,,,-37,7.75,0
2026-04-24T04:11:17.191838,1130004144,!a0cb4a5c,,,,,,,-37,7.25,0
2026-04-24T04:11:41.913861,1130004144,!a0cb4a5c,28.0400009155273,63.3232421875,927.890441894531,,,,-37,7.5,0
2026-04-24T04:14:16.677266,1130004144,!a0cb4a5c,,,,,,,-37,7.25,0
2026-04-24T04:14:42.531645,1130004144,!a0cb4a5c,28.0499992370605,63.3798828125,927.981567382812,,,,-38,7.5,0
2026-04-24T04:17:17.007098,1130004144,!a0cb4a5c,,,,,,,-37,7.5,0
2026-04-24T04:17:42.282974,1130004144,!a0cb4a5c,28.0400009155273,63.3798828125,928.029357910156,,,,-37,7,0
2026-04-24T04:20:16.472471,1130004144,!a0cb4a5c,,,,,,,-37,7.25,0
2026-04-24T04:20:42.061385,1130004144,!a0cb4a5c,28.0499992370605,63.3232421875,928.092651367188,,,,-37,7.25,0
2026-04-24T04:23:16.503290,1130004144,!a0cb4a5c,,,,,,,-37,7,0
2026-04-24T04:23:42.321001,1130004144,!a0cb4a5c,28.0200004577637,63.34375,928.081970214844,,,,-37,7.5,0
2026-04-24T04:26:19.312692,1130004144,!a0cb4a5c,,,,,,,-37,7,0
2026-04-24T04:26:42.246827,1130004144,!a0cb4a5c,28.0200004577637,63.365234375,928.04638671875,,,,-37,7.5,0
2026-04-24T04:29:16.519047,1130004144,!a0cb4a5c,,,,,,,-37,7,0
2026-04-24T04:29:42.123628,1130004144,!a0cb4a5c,28.0200004577637,63.365234375,928.129821777344,,,,-37,7.25,0
2026-04-24T04:32:17.230210,1130004144,!a0cb4a5c,,,,,,,-37,7.25,0
2026-04-24T04:32:42.253521,1130004144,!a0cb4a5c,28.0100002288818,63.3876953125,928.149841308594,,,,-37,7.5,0
2026-04-24T04:35:16.882906,1130004144,!a0cb4a5c,,,,,,,-37,7.5,0
2026-04-24T04:35:42.373401,1130004144,!a0cb4a5c,28.0300006866455,63.4462890625,928.172973632812,,,,-37,7.25,0
2026-04-24T04:38:16.850605,1130004144,!a0cb4a5c,,,,,,,-37,7.75,0
2026-04-24T04:38:42.130016,1130004144,!a0cb4a5c,28.0400009155273,63.3798828125,928.216064453125,,,,-38,7.75,0
2026-04-24T04:41:17.349719,1130004144,!a0cb4a5c,,,,,,,-37,7.75,0
2026-04-24T04:41:43.429212,1130004144,!a0cb4a5c,28.0300006866455,63.4365234375,928.236267089844,,,,-37,7.25,0
2026-04-24T04:44:16.690274,1130004144,!a0cb4a5c,,,,,,,-37,7,0
2026-04-24T04:44:42.163515,1130004144,!a0cb4a5c,28.0300006866455,63.4248046875,928.236267089844,,,,-37,7.25,0
2026-04-24T04:47:16.617738,1130004144,!a0cb4a5c,,,,,,,-37,7.25,0
2026-04-24T04:47:42.294995,1130004144,!a0cb4a5c,28.0200004577637,63.3896484375,928.331970214844,,,,-37,8,0
2026-04-24T04:50:17.089290,1130004144,!a0cb4a5c,,,,,,,-37,7.25,0
2026-04-24T04:50:42.344577,1130004144,!a0cb4a5c,28.0200004577637,63.3896484375,928.248596191406,,,,-36,7.25,0
2026-04-24T04:53:16.986035,1130004144,!a0cb4a5c,,,,,,,-37,7.75,0
2026-04-24T04:53:42.266240,1130004144,!a0cb4a5c,28.0200004577637,63.4453125,928.32421875,,,,-37,7.5,0
2026-04-24T04:56:17.501064,1130004144,!a0cb4a5c,,,,,,,-37,7.5,0
2026-04-24T04:56:42.191619,1130004144,!a0cb4a5c,28.0100002288818,63.4453125,928.316589355469,,,,-38,7.5,0
2026-04-24T04:59:16.726589,1130004144,!a0cb4a5c,,,,,,,-37,7.5,0
2026-04-24T04:59:42.935169,1130004144,!a0cb4a5c,28.0200004577637,63.4345703125,928.359680175781,,,,-37,9.25,0
2026-04-24T05:02:17.322584,1130004144,!a0cb4a5c,,,,,,,-37,7.25,0
2026-04-24T05:02:42.230172,1130004144,!a0cb4a5c,28.0200004577637,63.4462890625,928.359680175781,,,,-37,8,0
2026-04-24T05:05:17.312461,1130004144,!a0cb4a5c,,,,,,,-37,7.5,0
2026-04-24T05:05:42.264139,1130004144,!a0cb4a5c,28.0200004577637,63.50390625,928.387512207031,,,,-37,7.5,0
2026-04-24T05:08:17.012768,1130004144,!a0cb4a5c,,,,,,,-37,7.5,0
2026-04-24T05:08:42.549697,1130004144,!a0cb4a5c,28.0300006866455,63.5048828125,928.402893066406,,,,-37,7.75,0
2026-04-24T05:11:16.997832,1130004144,!a0cb4a5c,,,,,,,-37,7.5,0
2026-04-24T05:11:42.282654,1130004144,!a0cb4a5c,28.0200004577637,63.4462890625,928.359680175781,,,,-37,7.5,0
2026-04-24T05:14:16.949857,1130004144,!a0cb4a5c,,,,,,,-37,8.75,0
2026-04-24T05:14:42.996209,1130004144,!a0cb4a5c,28,63.3408203125,928.357055664062,,,,-37,7.5,0
2026-04-24T05:17:16.870010,1130004144,!a0cb4a5c,,,,,,,-37,7.5,0
2026-04-24T05:17:42.523989,1130004144,!a0cb4a5c,27.9400005340576,63.30859375,928.30029296875,,,,-37,7,0
2026-04-24T05:20:16.792279,1130004144,!a0cb4a5c,,,,,,,-38,7,0
2026-04-24T05:20:42.621601,1130004144,!a0cb4a5c,27.8999996185303,63.40625,928.350158691406,,,,-37,7,0
2026-04-24T05:23:16.807991,1130004144,!a0cb4a5c,,,,,,,-37,7.25,0
2026-04-24T05:23:42.452929,1130004144,!a0cb4a5c,27.8799991607666,63.4482421875,928.394897460938,,,,-37,7.5,0
2026-04-24T05:26:17.108477,1130004144,!a0cb4a5c,,,,,,,-37,7,0
2026-04-24T05:26:42.622478,1130004144,!a0cb4a5c,27.8600006103516,63.6181640625,928.447509765625,,,,-38,7.75,0
2026-04-24T05:29:17.610337,1130004144,!a0cb4a5c,,,,,,,-37,7.25,0
2026-04-24T05:29:42.736204,1130004144,!a0cb4a5c,27.8600006103516,63.65234375,928.30859375,,,,-37,7.25,0
2026-04-24T05:32:16.899437,1130004144,!a0cb4a5c,,,,,,,-37,8,0
2026-04-24T05:32:42.972154,1130004144,!a0cb4a5c,27.8600006103516,63.708984375,928.447509765625,,,,-37,7.25,0
2026-04-24T05:35:17.155725,1130004144,!a0cb4a5c,,,,,,,-37,7.5,0
2026-04-24T05:35:42.532166,1130004144,!a0cb4a5c,27.8600006103516,63.7333984375,928.316223144531,,,,-37,7.25,0
2026-04-24T05:38:17.219670,1130004144,!a0cb4a5c,,,,,,,-37,8,0
2026-04-24T05:38:42.741041,1130004144,!a0cb4a5c,27.8600006103516,63.6748046875,928.364074707031,,,,-37,7,0
2026-04-24T05:41:17.139184,1130004144,!a0cb4a5c,,,,,,,-37,7.25,0
2026-04-24T05:41:42.568156,1130004144,!a0cb4a5c,27.8500003814697,63.75390625,928.29345703125,,,,-37,7.5,0
2026-04-24T05:44:17.561951,1130004144,!a0cb4a5c,,,,,,,-37,7.25,0
2026-04-24T05:44:42.491847,1130004144,!a0cb4a5c,27.8500003814697,63.7880859375,928.412292480469,,,,-37,9,0
2026-04-24T05:47:17.575179,1130004144,!a0cb4a5c,,,,,,,-37,8.25,0
2026-04-24T05:47:42.699403,1130004144,!a0cb4a5c,27.8299999237061,63.6484375,928.298095703125,,,,-37,7.5,0
2026-04-24T05:50:17.122664,1130004144,!a0cb4a5c,,,,,,,-37,7,0
2026-04-24T05:50:42.670622,1130004144,!a0cb4a5c,27.7999992370605,63.724609375,928.244506835938,,,,-37,7.25,0
2026-04-24T05:53:17.165254,1130004144,!a0cb4a5c,,,,,,,-37,7.75,0
2026-04-24T05:53:42.831178,1130004144,!a0cb4a5c,27.7900009155273,63.837890625,928.340148925781,,,,-37,7.75,0
2026-04-24T05:56:17.301835,1130004144,!a0cb4a5c,,,,,,,-37,7,0
2026-04-24T05:56:42.657024,1130004144,!a0cb4a5c,27.7999992370605,63.896484375,928.327819824219,,,,-37,7.25,0
2026-04-24T05:59:17.058471,1130004144,!a0cb4a5c,,,,,,,-37,7.25,0
2026-04-24T05:59:42.739367,1130004144,!a0cb4a5c,27.7999992370605,63.9072265625,928.446533203125,,,,-37,7.5,0
2026-04-24T06:02:17.798428,1130004144,!a0cb4a5c,,,,,,,-37,7,0
2026-04-24T06:02:42.740289,1130004144,!a0cb4a5c,27.8099994659424,63.931640625,928.3984375,,,,-37,7.25,0
2026-04-24T06:05:17.346745,1130004144,!a0cb4a5c,,,,,,,-37,7.75,0
2026-04-24T06:05:43.434357,1130004144,!a0cb4a5c,27.8099994659424,63.9541015625,928.537353515625,,,,-37,7.5,0
2026-04-24T06:08:17.153706,1130004144,!a0cb4a5c,,,,,,,-37,7.25,0
2026-04-24T06:08:42.728081,1130004144,!a0cb4a5c,27.8099994659424,63.8974609375,928.461730957031,,,,-36,7.25,0
2026-04-24T06:11:17.078357,1130004144,!a0cb4a5c,,,,,,,-38,7.25,0
2026-04-24T06:11:42.939512,1130004144,!a0cb4a5c,27.8299999237061,63.95703125,928.595947265625,,,,-38,7.75,0
2026-04-24T06:14:17.377643,1130004144,!a0cb4a5c,,,,,,,-37,7.25,0
2026-04-24T06:14:42.764764,1130004144,!a0cb4a5c,27.8400001525879,63.947265625,928.611328125,,,,-38,7.75,0
2026-04-24T06:17:17.660500,1130004144,!a0cb4a5c,,,,,,,-37,7.5,0
2026-04-24T06:17:42.877405,1130004144,!a0cb4a5c,27.8400001525879,63.923828125,928.611328125,,,,-37,7,0
2026-04-24T06:20:17.282352,1130004144,!a0cb4a5c,,,,,,,-38,7.25,0
2026-04-24T06:20:42.847782,1130004144,!a0cb4a5c,27.8400001525879,63.8896484375,928.694580078125,,,,-37,7.25,0
2026-04-24T06:23:17.214852,1130004144,!a0cb4a5c,,,,,,,-37,7,0
2026-04-24T06:23:42.980838,1130004144,!a0cb4a5c,27.8500003814697,63.994140625,928.717834472656,,,,-37,7,0
2026-04-24T06:26:17.277868,1130004144,!a0cb4a5c,,,,,,,-38,8,0
2026-04-24T06:26:42.742644,1130004144,!a0cb4a5c,27.8600006103516,63.9736328125,928.705139160156,,,,-38,7.25,0
2026-04-24T06:29:17.311561,1130004144,!a0cb4a5c,,,,,,,-37,7.5,0
2026-04-24T06:29:42.901439,1130004144,!a0cb4a5c,27.8700008392334,63.9853515625,928.796081542969,,,,-36,8.5,0
2026-04-24T06:32:17.566113,1130004144,!a0cb4a5c,,,,,,,-36,7.25,0
2026-04-24T06:32:42.777196,1130004144,!a0cb4a5c,27.8700008392334,63.927734375,928.934997558594,,,,-37,7.25,0
2026-04-24T06:35:17.231531,1130004144,!a0cb4a5c,,,,,,,-37,7.25,0
2026-04-24T06:35:43.096754,1130004144,!a0cb4a5c,27.8500003814697,63.9365234375,928.912170410156,,,,-37,7,0
2026-04-24T06:38:18.115113,1130004144,!a0cb4a5c,,,,,,,-37,7,0
2026-04-24T06:38:43.114601,1130004144,!a0cb4a5c,27.8400001525879,64.015625,928.944580078125,,,,-37,7.75,0
2026-04-24T06:41:17.813899,1130004144,!a0cb4a5c,,,,,,,-37,7.5,0
2026-04-24T06:41:43.020147,1130004144,!a0cb4a5c,27.8400001525879,64.0615234375,928.916809082031,,,,-37,7.25,0
2026-04-24T06:44:18.098303,1130004144,!a0cb4a5c,,,,,,,-37,7,0
2026-04-24T06:44:42.913355,1130004144,!a0cb4a5c,27.8500003814697,64.05078125,928.995483398438,,,,-37,7.5,0
2026-04-24T06:47:17.889712,1130004144,!a0cb4a5c,,,,,,,-37,7.25,0
2026-04-24T06:47:43.152487,1130004144,!a0cb4a5c,27.8400001525879,64.0615234375,929.055603027344,,,,-37,7.5,0
2026-04-24T06:50:18.055436,1130004144,!a0cb4a5c,,,,,,,-37,7.25,0
2026-04-24T06:50:43.541240,1130004144,!a0cb4a5c,27.8500003814697,64.1201171875,929.051025390625,,,,-37,8.25,0
2026-04-24T06:53:18.145717,1130004144,!a0cb4a5c,,,,,,,-37,7,0
2026-04-24T06:53:42.921320,1130004144,!a0cb4a5c,27.8600006103516,64.1572265625,929.093933105469,,,,-37,7.75,0
2026-04-24T06:56:17.597521,1130004144,!a0cb4a5c,,,,,,,-37,7.25,0
2026-04-24T06:56:43.272712,1130004144,!a0cb4a5c,27.8799991607666,64.1923828125,929.117004394531,,,,-37,7,0
2026-04-24T06:59:17.358574,1130004144,!a0cb4a5c,,,,,,,-37,8,0
2026-04-24T06:59:43.244234,1130004144,!a0cb4a5c,27.8999996185303,64.263671875,929.092346191406,,,,-36,7,0
2026-04-24T07:02:17.562820,1130004144,!a0cb4a5c,,,,,,,-37,8,0
2026-04-24T07:02:43.164807,1130004144,!a0cb4a5c,27.9200000762939,64.19921875,929.178466796875,,,,-37,7.25,0
2026-04-24T07:05:17.723747,1130004144,!a0cb4a5c,,,,,,,-37,7.25,0
2026-04-24T07:05:42.992923,1130004144,!a0cb4a5c,27.9400005340576,64.1904296875,929.181457519531,,,,-37,7.25,0
2026-04-24T07:08:17.593123,1130004144,!a0cb4a5c,,,,,,,-37,7,0
2026-04-24T07:08:43.314714,1130004144,!a0cb4a5c,27.9500007629395,64.2158203125,929.176818847656,,,,-37,7.5,0
2026-04-24T07:11:17.659296,1130004144,!a0cb4a5c,,,,,,,-37,7,0
2026-04-24T07:11:43.172967,1130004144,!a0cb4a5c,27.9599990844727,64.2392578125,929.219665527344,,,,-37,7,0
2026-04-24T07:14:17.531109,1130004144,!a0cb4a5c,,,,,,,-37,7,0
2026-04-24T07:14:43.204918,1130004144,!a0cb4a5c,27.9899997711182,64.232421875,929.20263671875,,,,-37,7.25,0
2026-04-24T07:17:17.805231,1130004144,!a0cb4a5c,,,,,,,-37,8,0
2026-04-24T07:17:43.207104,1130004144,!a0cb4a5c,27.9899997711182,64.1982421875,929.265930175781,,,,-37,9.25,0
2026-04-24T07:20:18.649752,1130004144,!a0cb4a5c,,,,,,,-37,7.5,0
2026-04-24T07:20:43.094585,1130004144,!a0cb4a5c,28,64.2216796875,929.273742675781,,,,-38,7.25,0
2026-04-24T07:23:17.675882,1130004144,!a0cb4a5c,,,,,,,-37,7,0
2026-04-24T07:23:43.347756,1130004144,!a0cb4a5c,28.0100002288818,64.1435546875,929.344360351562,,,,-37,7.75,0
2026-04-24T07:26:17.690008,1130004144,!a0cb4a5c,,,,,,,-37,7.5,0
2026-04-24T07:26:43.895762,1130004144,!a0cb4a5c,28.0100002288818,64.2109375,929.336975097656,,,,-37,7,0
2026-04-24T07:29:18.067373,1130004144,!a0cb4a5c,,,,,,,-37,7.25,0
2026-04-24T07:29:43.386817,1130004144,!a0cb4a5c,28.0300006866455,64.2705078125,929.284118652344,,,,-37,7.25,0
2026-04-24T07:32:17.631010,1130004144,!a0cb4a5c,,,,,,,-37,7.75,0
2026-04-24T07:32:43.208011,1130004144,!a0cb4a5c,28.0599994659424,64.25390625,929.309997558594,,,,-37,7,0
2026-04-24T07:35:18.384540,1130004144,!a0cb4a5c,,,,,,,-37,7,0
2026-04-24T07:35:43.419724,1130004144,!a0cb4a5c,28.0799999237061,64.1884765625,929.201965332031,,,,-37,7,0
2026-04-24T07:38:17.658701,1130004144,!a0cb4a5c,,,,,,,-37,7,0
2026-04-24T07:38:43.260870,1130004144,!a0cb4a5c,28.0900001525879,64.0966796875,929.29296875,,,,-37,7.25,0
2026-04-24T07:41:24.522022,1130004144,!a0cb4a5c,,,,,,,-74,7.25,1
2026-04-24T07:41:43.502193,1130004144,!a0cb4a5c,28.0900001525879,64.119140625,929.411865234375,,,,-37,8,0
2026-04-24T07:44:18.470123,1130004144,!a0cb4a5c,,,,,,,-37,7.25,0
2026-04-24T07:44:43.584307,1130004144,!a0cb4a5c,28.1200008392334,64.0087890625,929.450378417969,,,,-37,8.75,0
2026-04-24T07:47:19.084545,1130004144,!a0cb4a5c,,,,,,,-37,7,0
2026-04-24T07:47:43.537965,1130004144,!a0cb4a5c,28.1100006103516,63.984375,929.518310546875,,,,-37,8,0
2026-04-24T07:50:17.890764,1130004144,!a0cb4a5c,,,,,,,-38,7,0
2026-04-24T07:50:44.232087,1130004144,!a0cb4a5c,28.1200008392334,64.0888671875,929.422668457031,,,,-37,7.5,0
2026-04-24T07:53:17.651659,1130004144,!a0cb4a5c,,,,,,,-37,8.25,0
2026-04-24T07:53:44.009773,1130004144,!a0cb4a5c,28.1399993896484,64.138671875,929.516723632812,,,,-37,7.5,0
2026-04-24T07:56:17.666440,1130004144,!a0cb4a5c,,,,,,,-38,8,0
2026-04-24T07:56:48.642151,1130004144,!a0cb4a5c,28.1800003051758,64.1103515625,929.494750976562,,,,-73,7.25,1
2026-04-24T07:59:17.847351,1130004144,!a0cb4a5c,,,,,,,-37,7.5,0
2026-04-24T07:59:43.474449,1130004144,!a0cb4a5c,28.1900005340576,64.0078125,929.537963867188,,,,-37,7,0
2026-04-24T08:02:17.890399,1130004144,!a0cb4a5c,,,,,,,-37,7.25,0
2026-04-24T08:02:43.676191,1130004144,!a0cb4a5c,28.2299995422363,64.0947265625,929.619445800781,,,,-37,7.5,0
2026-04-24T08:05:17.772373,1130004144,!a0cb4a5c,,,,,,,-38,6.75,0
2026-04-24T08:05:43.597879,1130004144,!a0cb4a5c,28.2800006866455,64.169921875,929.66845703125,,,,-38,7.5,0
2026-04-24T08:08:18.308064,1130004144,!a0cb4a5c,,,,,,,-37,7,0
2026-04-24T08:08:43.712134,1130004144,!a0cb4a5c,28.3199996948242,64.1865234375,929.702026367188,,,,-37,8.25,0
2026-04-24T08:11:18.339703,1130004144,!a0cb4a5c,,,,,,,-37,8.25,0
2026-04-24T08:11:43.507426,1130004144,!a0cb4a5c,28.3600006103516,64.1572265625,929.763732910156,,,,-37,7.25,0
2026-04-24T08:14:18.123238,1130004144,!a0cb4a5c,,,,,,,-37,7,0
2026-04-24T08:14:43.563206,1130004144,!a0cb4a5c,28.3999996185303,64.140625,929.721618652344,,,,-37,7,0
2026-04-24T08:17:20.751742,1130004144,!a0cb4a5c,,,,,,,-73,7.5,1
2026-04-24T08:17:43.497576,1130004144,!a0cb4a5c,28.4599990844727,64.125,929.881896972656,,,,-37,7,0
2026-04-24T08:20:17.793534,1130004144,!a0cb4a5c,,,,,,,-37,7.25,0
2026-04-24T08:20:43.471487,1130004144,!a0cb4a5c,28.4899997711182,63.9248046875,929.852111816406,,,,-37,7.25,0
2026-04-24T08:23:18.050805,1130004144,!a0cb4a5c,,,,,,,-37,8.5,0
2026-04-24T08:23:43.802623,1130004144,!a0cb4a5c,28.5,63.833984375,929.85986328125,,,,-37,7,0
2026-04-24T08:26:18.610514,1130004144,!a0cb4a5c,,,,,,,-37,8,0
2026-04-24T08:26:43.788491,1130004144,!a0cb4a5c,28.5100002288818,63.8583984375,929.882995605469,,,,-38,8.25,0
2026-04-24T08:29:17.890942,1130004144,!a0cb4a5c,,,,,,,-37,8.75,0
2026-04-24T08:29:43.521061,1130004144,!a0cb4a5c,28.5499992370605,63.7255859375,929.916564941406,,,,-37,7.75,0
2026-04-24T08:32:18.046300,1130004144,!a0cb4a5c,,,,,,,-37,7,0
2026-04-24T08:32:44.867250,1130004144,!a0cb4a5c,28.5699996948242,63.775390625,929.884033203125,,,,-37,7.5,0
2026-04-24T08:35:17.918083,1130004144,!a0cb4a5c,,,,,,,-37,8.75,0
2026-04-24T08:35:44.549859,1130004144,!a0cb4a5c,28.6100006103516,63.8037109375,929.889831542969,,,,-38,7.25,0
2026-04-24T08:38:18.313530,1130004144,!a0cb4a5c,,,,,,,-37,7,0
2026-04-24T08:38:43.763749,1130004144,!a0cb4a5c,28.6599998474121,63.7529296875,929.883178710938,,,,-38,8,0
2026-04-24T08:41:17.967363,1130004144,!a0cb4a5c,,,,,,,-38,7.25,0
2026-04-24T08:41:43.908524,1130004144,!a0cb4a5c,28.7199993133545,63.7275390625,929.836730957031,,,,-38,7.25,0
2026-04-24T08:44:17.921182,1130004144,!a0cb4a5c,,,,,,,-37,7.5,0
2026-04-24T08:44:43.927515,1130004144,!a0cb4a5c,28.7900009155273,63.6904296875,929.860534667969,,,,-37,7,0
2026-04-24T08:47:18.003930,1130004144,!a0cb4a5c,,,,,,,-37,7.25,0
2026-04-24T08:47:43.801611,1130004144,!a0cb4a5c,28.8500003814697,63.5390625,929.952758789062,,,,-37,7,0
2026-04-24T08:50:18.981147,1130004144,!a0cb4a5c,,,,,,,-37,7,0
2026-04-24T08:50:43.916321,1130004144,!a0cb4a5c,28.9099998474121,63.4091796875,929.925964355469,,,,-38,7.75,0
2026-04-24T08:53:18.206525,1130004144,!a0cb4a5c,,,,,,,-37,8.5,0
2026-04-24T08:53:43.983070,1130004144,!a0cb4a5c,28.9400005340576,63.3681640625,929.896179199219,,,,-37,7.25,0
2026-04-24T08:56:18.802719,1130004144,!a0cb4a5c,,,,,,,-38,8,0
2026-04-24T08:56:43.905360,1130004144,!a0cb4a5c,28.9899997711182,63.36328125,929.861694335938,,,,-38,7.25,0
2026-04-24T08:59:18.095406,1130004144,!a0cb4a5c,,,,,,,-38,7,0
2026-04-24T08:59:43.734630,1130004144,!a0cb4a5c,29.0300006866455,63.140625,929.83984375,,,,-37,8,0
2026-04-24T09:02:18.109245,1130004144,!a0cb4a5c,,,,,,,-37,8.75,0
2026-04-24T09:02:43.749163,1130004144,!a0cb4a5c,29.0499992370605,63.0166015625,929.918273925781,,,,-37,7,0
2026-04-24T09:05:18.093280,1130004144,!a0cb4a5c,,,,,,,-37,7.5,0
2026-04-24T09:05:44.006179,1130004144,!a0cb4a5c,29.0699996948242,62.984375,929.956848144531,,,,-38,6.75,0
2026-04-24T09:08:18.241717,1130004144,!a0cb4a5c,,,,,,,-37,9,0
2026-04-24T09:08:44.861866,1130004144,!a0cb4a5c,29.0799999237061,62.8369140625,929.972290039062,,,,-38,7.25,0
2026-04-24T09:11:18.214922,1130004144,!a0cb4a5c,,,,,,,-37,9.25,0
2026-04-24T09:11:43.964597,1130004144,!a0cb4a5c,29.1100006103516,62.86328125,929.982666015625,,,,-38,8,0
2026-04-24T09:14:18.414832,1130004144,!a0cb4a5c,,,,,,,-38,7.25,0
2026-04-24T09:14:44.108703,1130004144,!a0cb4a5c,29.1599998474121,62.814453125,930.094970703125,,,,-37,8.75,0
2026-04-24T09:17:18.338225,1130004144,!a0cb4a5c,,,,,,,-38,7.5,0
2026-04-24T09:17:44.007855,1130004144,!a0cb4a5c,29.1800003051758,62.609375,930.125793457031,,,,-37,8.25,0
2026-04-24T09:20:18.901847,1130004144,!a0cb4a5c,,,,,,,-37,9.25,0
2026-04-24T09:20:44.068884,1130004144,!a0cb4a5c,29.1900005340576,62.486328125,930.113098144531,,,,-37,7,0
2026-04-24T09:23:18.318486,1130004144,!a0cb4a5c,,,,,,,-38,9,0
2026-04-24T09:23:43.943885,1130004144,!a0cb4a5c,29.1900005340576,62.4404296875,930.113098144531,,,,-37,8,0
2026-04-24T09:26:18.187510,1130004144,!a0cb4a5c,,,,,,,-37,8.5,0
2026-04-24T09:26:44.197809,1130004144,!a0cb4a5c,29.2199993133545,62.3740234375,930.151611328125,,,,-37,6.75,0
2026-04-24T09:29:18.299633,1130004144,!a0cb4a5c,,,,,,,-37,7,0
2026-04-24T09:29:43.992727,1130004144,!a0cb4a5c,29.25,62.423828125,930.169677734375,,,,-37,7,0
2026-04-24T09:32:19.086856,1130004144,!a0cb4a5c,,,,,,,-38,7.5,0
2026-04-24T09:32:43.994936,1130004144,!a0cb4a5c,29.3199996948242,62.4677734375,930.242126464844,,,,-37,8.75,0
2026-04-24T09:35:18.432720,1130004144,!a0cb4a5c,,,,,,,-37,8,0
2026-04-24T09:35:43.918770,1130004144,!a0cb4a5c,29.3899993896484,62.455078125,930.238342285156,,,,-37,7.5,0
2026-04-24T09:38:18.439061,1130004144,!a0cb4a5c,,,,,,,-38,7,0
2026-04-24T09:38:44.175122,1130004144,!a0cb4a5c,29.4500007629395,62.3017578125,930.2265625,,,,-38,7,0
2026-04-24T09:41:18.284806,1130004144,!a0cb4a5c,,,,,,,-37,7.25,0
2026-04-24T09:41:43.971137,1130004144,!a0cb4a5c,29.4699993133545,62.109375,930.138305664062,,,,-37,7,0
2026-04-24T09:44:19.169362,1130004144,!a0cb4a5c,,,,,,,-38,9.25,0
2026-04-24T09:44:44.274554,1130004144,!a0cb4a5c,29.5100002288818,62.0576171875,930.19970703125,,,,-37,7,0
2026-04-24T09:47:18.492015,1130004144,!a0cb4a5c,,,,,,,-37,7,0
2026-04-24T09:47:44.279148,1130004144,!a0cb4a5c,29.5499992370605,62.0302734375,930.213073730469,,,,-37,7,0
2026-04-24T09:50:18.270512,1130004144,!a0cb4a5c,,,,,,,-38,7.25,0
2026-04-24T09:50:44.256916,1130004144,!a0cb4a5c,29.6100006103516,61.9453125,930.193725585938,,,,-37,6.75,0
2026-04-24T09:53:18.890850,1130004144,!a0cb4a5c,,,,,,,-38,7,0
2026-04-24T09:53:44.339877,1130004144,!a0cb4a5c,29.6700000762939,61.861328125,930.194702148438,,,,-38,7,0
2026-04-24T09:56:18.980959,1130004144,!a0cb4a5c,,,,,,,-37,7.5,0
2026-04-24T09:56:44.223782,1130004144,!a0cb4a5c,29.7199993133545,61.763671875,930.15234375,,,,-37,7.5,0
2026-04-24T09:59:19.231678,1130004144,!a0cb4a5c,,,,,,,-37,9,0
2026-04-24T09:59:44.292625,1130004144,!a0cb4a5c,29.7800006866455,61.646484375,930.112915039062,,,,-37,7.5,0
2026-04-24T10:02:18.573566,1130004144,!a0cb4a5c,,,,,,,-37,7,0
2026-04-24T10:02:44.179476,1130004144,!a0cb4a5c,29.7999992370605,61.4775390625,930.199401855469,,,,-38,9.5,0
2026-04-24T10:05:19.361218,1130004144,!a0cb4a5c,,,,,,,-38,7.25,0
2026-04-24T10:05:44.449007,1130004144,!a0cb4a5c,29.8400001525879,61.37890625,930.093566894531,,,,-37,7,0
2026-04-24T10:08:18.405778,1130004144,!a0cb4a5c,,,,,,,-37,9.25,0
2026-04-24T10:08:44.364483,1130004144,!a0cb4a5c,29.8899993896484,61.2470703125,930.16259765625,,,,-37,8.5,0
2026-04-24T10:11:18.727192,1130004144,!a0cb4a5c,,,,,,,-38,7,0
2026-04-24T10:11:44.519044,1130004144,!a0cb4a5c,29.8999996185303,61.1328125,930.206176757812,,,,-37,8.5,0
2026-04-24T10:14:18.410238,1130004144,!a0cb4a5c,,,,,,,-37,8.75,0
2026-04-24T10:14:44.251409,1130004144,!a0cb4a5c,29.9099998474121,61.123046875,930.137634277344,,,,-37,7,0
2026-04-24T10:17:18.616853,1130004144,!a0cb4a5c,,,,,,,-37,9.25,0
2026-04-24T10:17:44.588037,1130004144,!a0cb4a5c,29.9500007629395,61.037109375,930.179138183594,,,,-37,7.5,0
2026-04-24T10:20:18.630546,1130004144,!a0cb4a5c,,,,,,,-37,7.75,0
2026-04-24T10:20:44.526120,1130004144,!a0cb4a5c,30,60.9853515625,930.108825683594,,,,-37,8,0
2026-04-24T10:23:18.566538,1130004144,!a0cb4a5c,,,,,,,-37,7.25,0
2026-04-24T10:23:44.561723,1130004144,!a0cb4a5c,30.0400009155273,60.8408203125,930.114379882812,,,,-37,7.5,0
2026-04-24T10:26:18.709538,1130004144,!a0cb4a5c,,,,,,,-37,7.25,0
2026-04-24T10:26:44.433545,1130004144,!a0cb4a5c,30.0699996948242,60.7998046875,930.084350585938,,,,-38,7.75,0
2026-04-24T10:29:19.083865,1130004144,!a0cb4a5c,,,,,,,-37,7.25,0
2026-04-24T10:29:44.340432,1130004144,!a0cb4a5c,30.1399993896484,60.7626953125,930.148620605469,,,,-38,9,0
2026-04-24T10:32:19.578439,1130004144,!a0cb4a5c,,,,,,,-38,7.5,0
2026-04-24T10:32:44.314238,1130004144,!a0cb4a5c,30.2000007629395,60.654296875,930.157104492188,,,,-38,8.25,0
2026-04-24T10:35:18.565674,1130004144,!a0cb4a5c,,,,,,,-37,7,0
2026-04-24T10:35:44.568446,1130004144,!a0cb4a5c,30.2299995422363,60.5673828125,930.099243164062,,,,-36,7.5,0
2026-04-24T10:38:18.869158,1130004144,!a0cb4a5c,,,,,,,-38,6.75,0
2026-04-24T10:38:44.602718,1130004144,!a0cb4a5c,30.2600002288818,60.4443359375,930.026245117188,,,,-38,8.25,0
2026-04-24T10:41:18.758012,1130004144,!a0cb4a5c,,,,,,,-39,7,0
2026-04-24T10:41:44.727075,1130004144,!a0cb4a5c,30.2999992370605,60.3935546875,930.067321777344,,,,-39,7,0
2026-04-24T10:44:19.148096,1130004144,!a0cb4a5c,,,,,,,-38,7.25,0
2026-04-24T10:44:44.384897,1130004144,!a0cb4a5c,30.3299999237061,60.28125,929.973754882812,,,,-38,7.25,0
2026-04-24T10:47:18.669058,1130004144,!a0cb4a5c,,,,,,,-38,7,0
2026-04-24T10:47:44.518788,1130004144,!a0cb4a5c,30.3600006103516,60.2060546875,929.936340332031,,,,-38,7.25,0
2026-04-24T10:50:18.629874,1130004144,!a0cb4a5c,,,,,,,-39,8.5,0
2026-04-24T10:50:45.051665,1130004144,!a0cb4a5c,30.3899993896484,60.1162109375,929.862976074219,,,,-39,7.5,0
2026-04-24T10:53:18.820969,1130004144,!a0cb4a5c,,,,,,,-39,7,0
2026-04-24T10:53:45.117311,1130004144,!a0cb4a5c,30.4200000762939,60.017578125,929.860778808594,,,,-39,7.75,0
2026-04-24T10:56:18.693787,1130004144,!a0cb4a5c,,,,,,,-39,8.25,0
2026-04-24T10:56:44.464019,1130004144,!a0cb4a5c,30.4400005340576,59.951171875,929.835754394531,,,,-40,7.25,0
2026-04-24T10:59:19.416087,1130004144,!a0cb4a5c,,,,,,,-40,7.25,0
2026-04-24T10:59:44.766290,1130004144,!a0cb4a5c,30.4599990844727,59.7685546875,929.747314453125,,,,-38,9.75,0
2026-04-24T11:02:19.120399,1130004144,!a0cb4a5c,,,,,,,-40,7,0
2026-04-24T11:02:44.498083,1130004144,!a0cb4a5c,30.4799995422363,59.724609375,929.694458007812,,,,-39,9.5,0
2026-04-24T11:05:18.695865,1130004144,!a0cb4a5c,,,,,,,-40,7.25,0
2026-04-24T11:05:44.625867,1130004144,!a0cb4a5c,30.5100002288818,59.63671875,929.705017089844,,,,-40,7.25,0
2026-04-24T11:08:18.836961,1130004144,!a0cb4a5c,,,,,,,-40,7,0
2026-04-24T11:08:44.628478,1130004144,!a0cb4a5c,30.5200004577637,59.5,929.63671875,,,,-39,7.25,0
2026-04-24T11:11:18.900572,1130004144,!a0cb4a5c,,,,,,,-38,7.5,0
2026-04-24T11:11:44.714100,1130004144,!a0cb4a5c,30.5400009155273,59.45703125,929.619140625,,,,-40,7.25,0
2026-04-24T11:14:19.029693,1130004144,!a0cb4a5c,,,,,,,-39,6.75,0
2026-04-24T11:14:44.682938,1130004144,!a0cb4a5c,30.5499992370605,59.26171875,929.662414550781,,,,-39,9.75,0
2026-04-24T11:17:18.762721,1130004144,!a0cb4a5c,,,,,,,-39,7.75,0
2026-04-24T11:17:45.168034,1130004144,!a0cb4a5c,30.5499992370605,59.2275390625,929.662414550781,,,,-40,9.25,0
2026-04-24T11:20:18.866699,1130004144,!a0cb4a5c,,,,,,,-39,9.25,0
2026-04-24T11:20:44.821058,1130004144,!a0cb4a5c,30.5599994659424,59.13671875,929.622009277344,,,,-40,6.75,0
2026-04-24T11:23:18.868425,1130004144,!a0cb4a5c,,,,,,,-40,9,0
2026-04-24T11:23:44.981073,1130004144,!a0cb4a5c,30.5799999237061,59.1279296875,929.652526855469,,,,-40,7,0
2026-04-24T11:26:18.823380,1130004144,!a0cb4a5c,,,,,,,-40,7.25,0
2026-04-24T11:26:44.963381,1130004144,!a0cb4a5c,30.6200008392334,59.0986328125,929.602416992188,,,,-39,9,0
2026-04-24T11:29:19.097802,1130004144,!a0cb4a5c,,,,,,,-38,7,0
2026-04-24T11:29:44.955760,1130004144,!a0cb4a5c,30.6499996185303,59.009765625,929.564636230469,,,,-38,8.5,0
2026-04-24T11:32:25.961221,1130004144,!a0cb4a5c,,,,,,,-72,8,1
2026-04-24T11:32:44.780181,1130004144,!a0cb4a5c,30.6800003051758,58.9443359375,929.582641601562,,,,-39,7.25,0
2026-04-24T11:35:18.884615,1130004144,!a0cb4a5c,,,,,,,-37,7,0
2026-04-24T11:35:45.006260,1130004144,!a0cb4a5c,30.7099990844727,58.890625,929.453674316406,,,,-39,8.75,0
2026-04-24T11:38:19.206046,1130004144,!a0cb4a5c,,,,,,,-39,9,0
2026-04-24T11:38:45.054505,1130004144,!a0cb4a5c,30.7399997711182,58.802734375,929.423461914062,,,,-39,8.75,0
2026-04-24T11:41:20.469837,1130004144,!a0cb4a5c,,,,,,,-39,9.25,0
2026-04-24T11:41:44.741404,1130004144,!a0cb4a5c,30.7700004577637,58.703125,929.461975097656,,,,-39,9.5,0
2026-04-24T11:44:19.007577,1130004144,!a0cb4a5c,,,,,,,-39,8.25,0
2026-04-24T11:44:44.803872,1130004144,!a0cb4a5c,30.8099994659424,58.6494140625,929.411560058594,,,,-40,7.75,0
2026-04-24T11:47:19.282495,1130004144,!a0cb4a5c,,,,,,,-40,7,0
2026-04-24T11:47:50.080511,1130004144,!a0cb4a5c,30.8400001525879,58.6083984375,929.437194824219,,,,-74,7.5,1
2026-04-24T11:50:19.792762,1130004144,!a0cb4a5c,,,,,,,-39,7.5,0
2026-04-24T11:50:45.126708,1130004144,!a0cb4a5c,30.8899993896484,58.544921875,929.290466308594,,,,-39,7.25,0
2026-04-24T11:53:19.290386,1130004144,!a0cb4a5c,,,,,,,-38,9,0
2026-04-24T11:53:44.885964,1130004144,!a0cb4a5c,30.9300003051758,58.5166015625,929.212158203125,,,,-40,9.5,0
2026-04-24T11:56:19.519375,1130004144,!a0cb4a5c,,,,,,,-38,7.75,0
2026-04-24T11:56:44.922561,1130004144,!a0cb4a5c,30.9899997711182,58.4072265625,929.260864257812,,,,-40,7.25,0
2026-04-24T11:59:19.015155,1130004144,!a0cb4a5c,,,,,,,-40,8.25,0
2026-04-24T11:59:45.184382,1130004144,!a0cb4a5c,31.0400009155273,58.3212890625,929.170227050781,,,,-40,7.5,0
2026-04-24T12:02:19.271559,1130004144,!a0cb4a5c,,,,,,,-40,7,0
2026-04-24T12:02:44.864319,1130004144,!a0cb4a5c,31.0900001525879,58.154296875,929.142822265625,,,,-40,7.75,0
2026-04-24T12:05:19.361550,1130004144,!a0cb4a5c,,,,,,,-39,7.75,0
2026-04-24T12:05:44.906060,1130004144,!a0cb4a5c,31.1299991607666,58.021484375,929.196655273438,,,,-41,7.75,0
2026-04-24T12:08:22.182713,1130004144,!a0cb4a5c,,,,,,,-74,8.5,1
2026-04-24T12:08:45.035888,1130004144,!a0cb4a5c,31.1499996185303,57.919921875,929.123107910156,,,,-41,6.75,0
2026-04-24T12:11:19.104032,1130004144,!a0cb4a5c,,,,,,,-38,7.25,0
2026-04-24T12:11:45.170440,1130004144,!a0cb4a5c,31.1700000762939,57.8076171875,929.09033203125,,,,-39,9.5,0
2026-04-24T12:14:19.196362,1130004144,!a0cb4a5c,,,,,,,-39,7.75,0
2026-04-24T12:14:45.112918,1130004144,!a0cb4a5c,31.1900005340576,57.6943359375,929.065246582031,,,,-38,7.75,0
2026-04-24T12:17:19.443642,1130004144,!a0cb4a5c,,,,,,,-40,9.75,0
2026-04-24T12:17:45.073496,1130004144,!a0cb4a5c,31.2000007629395,57.279296875,929.024475097656,,,,-38,7.75,0
2026-04-24T12:20:19.901211,1130004144,!a0cb4a5c,,,,,,,-40,7.25,0
2026-04-24T12:20:45.211947,1130004144,!a0cb4a5c,31.2600002288818,57.44921875,929.032592773438,,,,-40,7.25,0
2026-04-24T12:23:19.468258,1130004144,!a0cb4a5c,,,,,,,-41,7.5,0
2026-04-24T12:23:46.315070,1130004144,!a0cb4a5c,31.3400001525879,57.390625,928.911254882812,,,,-41,8,0
2026-04-24T12:26:19.243269,1130004144,!a0cb4a5c,,,,,,,-38,7.25,0
2026-04-24T12:26:45.199912,1130004144,!a0cb4a5c,31.4099998474121,57.14453125,928.835632324219,,,,-38,7.5,0
2026-04-24T12:29:19.949455,1130004144,!a0cb4a5c,,,,,,,-42,7,0
2026-04-24T12:29:45.230695,1130004144,!a0cb4a5c,31.4699993133545,57.0009765625,928.927490234375,,,,-41,7.5,0
2026-04-24T12:32:19.421612,1130004144,!a0cb4a5c,,,,,,,-40,9.25,0
2026-04-24T12:32:45.344902,1130004144,!a0cb4a5c,31.4899997711182,56.912109375,928.770324707031,,,,-38,8.5,0
2026-04-24T12:35:19.426878,1130004144,!a0cb4a5c,,,,,,,-41,6.5,0
2026-04-24T12:35:45.147920,1130004144,!a0cb4a5c,31.5100002288818,56.8564453125,928.772827148438,,,,-40,9,0
2026-04-24T12:38:19.288677,1130004144,!a0cb4a5c,,,,,,,-41,7.5,0
2026-04-24T12:38:45.228750,1130004144,!a0cb4a5c,31.5300006866455,56.8359375,928.635925292969,,,,-40,8,0
2026-04-24T12:41:19.575946,1130004144,!a0cb4a5c,,,,,,,-38,8,0
2026-04-24T12:41:45.150824,1130004144,!a0cb4a5c,31.5499992370605,56.814453125,928.610473632812,,,,-41,7.75,0
2026-04-24T12:44:19.333950,1130004144,!a0cb4a5c,,,,,,,-40,9.25,0
2026-04-24T12:44:45.168000,1130004144,!a0cb4a5c,31.5799999237061,56.78515625,928.62890625,,,,-39,9.25,0
2026-04-24T12:47:19.437636,1130004144,!a0cb4a5c,,,,,,,-40,7.25,0
2026-04-24T12:47:45.391345,1130004144,!a0cb4a5c,31.6100006103516,56.6953125,928.55517578125,,,,-39,7.75,0
2026-04-24T14:16:00.701524,1130004144,!a0cb4a5c,,,,,,,-38,8.25,0
2026-04-24T14:17:19.845593,1130004144,!a0cb4a5c,,,,,,,-38,7.75,0
2026-04-24T14:17:45.797528,1130004144,!a0cb4a5c,31.6599998474121,55.060546875,927.270324707031,,,,-39,7.25,0
2026-04-24T14:20:19.780764,1130004144,!a0cb4a5c,,,,,,,-39,7.5,0
2026-04-24T14:20:45.986231,1130004144,!a0cb4a5c,31.6399993896484,55.05859375,927.32373046875,,,,-37,7.25,0
2026-04-24T14:23:20.117288,1130004144,!a0cb4a5c,,,,,,,-38,9.5,0
2026-04-24T14:23:46.075712,1130004144,!a0cb4a5c,31.6200008392334,55.06640625,927.257507324219,,,,-38,8.25,0
2026-04-24T14:26:19.842774,1130004144,!a0cb4a5c,,,,,,,-39,9,0
2026-04-24T14:26:45.884374,1130004144,!a0cb4a5c,31.6100006103516,55.2158203125,927.277709960938,,,,-39,8.25,0
2026-04-24T14:29:20.873599,1130004144,!a0cb4a5c,,,,,,,-39,8.5,0
2026-04-24T14:29:45.998224,1130004144,!a0cb4a5c,31.6000003814697,55.203125,927.227111816406,,,,-39,7.75,0
2026-04-24T14:32:19.876566,1130004144,!a0cb4a5c,,,,,,,-38,8,0
2026-04-24T14:32:45.935280,1130004144,!a0cb4a5c,31.6000003814697,55.19140625,927.178588867188,,,,-38,8.75,0
2026-04-24T14:35:20.051462,1130004144,!a0cb4a5c,,,,,,,-38,7.25,0
2026-04-24T14:35:46.049511,1130004144,!a0cb4a5c,31.5900001525879,55.1552734375,927.079711914062,,,,-38,7.5,0
2026-04-24T14:38:20.415824,1130004144,!a0cb4a5c,,,,,,,-38,7.25,0
2026-04-24T14:38:45.907223,1130004144,!a0cb4a5c,31.5799999237061,55.0732421875,927.176147460938,,,,-38,7.5,0
2026-04-24T14:41:20.849547,1130004144,!a0cb4a5c,,,,,,,-39,7.25,0
2026-04-24T14:41:46.116219,1130004144,!a0cb4a5c,31.5599994659424,55.046875,927.109619140625,,,,-39,8,0
2026-04-24T14:44:20.225115,1130004144,!a0cb4a5c,,,,,,,-38,7,0
2026-04-24T14:44:46.213977,1130004144,!a0cb4a5c,31.5300006866455,55.1015625,927.099548339844,,,,-37,7.25,0
2026-04-24T14:47:20.309838,1130004144,!a0cb4a5c,,,,,,,-37,7.5,0
2026-04-24T14:47:46.201055,1130004144,!a0cb4a5c,31.5100002288818,55.087890625,927.040954589844,,,,-38,8.5,0
2026-04-24T14:50:20.033022,1130004144,!a0cb4a5c,,,,,,,-38,7.5,0
2026-04-24T14:50:45.944595,1130004144,!a0cb4a5c,31.4899997711182,55.1318359375,927.058776855469,,,,-38,7.25,0
2026-04-24T14:53:20.180976,1130004144,!a0cb4a5c,,,,,,,-38,7.5,0
2026-04-24T14:53:46.095107,1130004144,!a0cb4a5c,31.4599990844727,55.162109375,927.012817382812,,,,-39,8,0
2026-04-24T14:56:20.594344,1130004144,!a0cb4a5c,,,,,,,-38,7.5,0
2026-04-24T14:56:46.302750,1130004144,!a0cb4a5c,31.4300003051758,55.2509765625,927.002685546875,,,,-38,7.5,0
2026-04-24T14:59:19.989877,1130004144,!a0cb4a5c,,,,,,,-38,8.25,0
2026-04-24T14:59:45.986791,1130004144,!a0cb4a5c,31.4099998474121,55.2373046875,926.936401367188,,,,-38,8.5,0
2026-04-24T15:02:20.937661,1130004144,!a0cb4a5c,,,,,,,-38,7.25,0
2026-04-24T15:02:46.338867,1130004144,!a0cb4a5c,31.3799991607666,55.3037109375,926.86279296875,,,,-38,8,0
2026-04-24T15:05:20.884240,1130004144,!a0cb4a5c,,,,,,,-38,8.75,0
2026-04-24T15:05:46.073345,1130004144,!a0cb4a5c,31.3500003814697,55.3349609375,926.852355957031,,,,-39,7.5,0
2026-04-24T15:08:20.073576,1130004144,!a0cb4a5c,,,,,,,-39,7.75,0
2026-04-24T15:08:46.105106,1130004144,!a0cb4a5c,31.3099994659424,55.45703125,926.687316894531,,,,-39,8.5,0
2026-04-27T14:44:35.050086,1130004144,!a0cb4a5c,,,,,,,-28,7.25,0
2026-04-27T14:45:04.701108,1130004144,!a0cb4a5c,33.0499992370605,51.037109375,928.244201660156,,,,-28,9,0
2026-04-27T14:47:36.476472,1130004144,!a0cb4a5c,,,,,,,-28,7.75,0
2026-04-27T14:48:04.607179,1130004144,!a0cb4a5c,33.0299987792969,51.044921875,928.157836914062,,,,-28,7.75,0
2026-04-27T14:50:35.949406,1130004144,!a0cb4a5c,,,,,,,-28,7,0
2026-04-27T14:51:04.694900,1130004144,!a0cb4a5c,32.9599990844727,50.9912109375,928.142517089844,,,,-28,7.5,0
2026-04-27T14:53:35.931282,1130004144,!a0cb4a5c,,,,,,,-28,7,0
2026-04-27T14:54:04.595242,1130004144,!a0cb4a5c,32.8800010681152,50.958984375,928.040771484375,,,,-27,7.25,0
2026-04-27T14:56:35.924033,1130004144,!a0cb4a5c,,,,,,,-28,7.25,0
2026-04-27T14:57:04.613811,1130004144,!a0cb4a5c,32.7999992370605,50.984375,928.058410644531,,,,-28,7.25,0
2026-04-27T14:59:35.368857,1130004144,!a0cb4a5c,,,,,,,-28,8,0
2026-04-27T15:00:04.838124,1130004144,!a0cb4a5c,32.7599983215332,50.8994140625,927.977111816406,,,,-28,8.5,0
2026-04-27T15:02:35.837725,1130004144,!a0cb4a5c,,,,,,,-28,7.5,0
2026-04-27T15:03:04.622530,1130004144,!a0cb4a5c,32.689998626709,50.8681640625,927.982055664062,,,,-28,8.5,0
2026-04-27T15:05:35.449172,1130004144,!a0cb4a5c,,,,,,,-28,7.75,0
2026-04-27T15:06:04.740192,1130004144,!a0cb4a5c,32.6599998474121,50.794921875,927.908447265625,,,,-28,8.25,0
2026-04-27T15:08:35.465705,1130004144,!a0cb4a5c,,,,,,,-28,7.5,0
2026-04-27T15:09:04.707921,1130004144,!a0cb4a5c,32.6399993896484,50.6884765625,927.841796875,,,,-28,7.5,0
2026-04-27T15:11:36.248802,1130004144,!a0cb4a5c,,,,,,,-29,8.5,0
2026-04-27T15:12:04.632960,1130004144,!a0cb4a5c,32.5900001525879,50.70703125,927.885070800781,,,,-28,8,0
2026-04-27T15:14:35.451571,1130004144,!a0cb4a5c,,,,,,,-28,7.75,0
2026-04-27T15:15:04.936389,1130004144,!a0cb4a5c,32.5299987792969,50.6083984375,927.801086425781,,,,-27,7,0
2026-04-27T15:17:35.228667,1130004144,!a0cb4a5c,,,,,,,-28,7.75,0
2026-04-27T15:18:05.657665,1130004144,!a0cb4a5c,32.4799995422363,50.5791015625,927.780639648438,,,,-27,7.75,0
2026-04-27T15:20:36.062505,1130004144,!a0cb4a5c,,,,,,,-28,8.25,0
2026-04-27T15:21:04.703516,1130004144,!a0cb4a5c,32.4500007629395,50.6328125,927.783264160156,,,,-28,8,0
2026-04-27T15:23:36.271118,1130004144,!a0cb4a5c,,,,,,,-28,8.75,0
2026-04-27T15:24:04.901847,1130004144,!a0cb4a5c,32.4099998474121,50.6748046875,927.729858398438,,,,-28,7.25,0
2026-04-27T15:26:35.853998,1130004144,!a0cb4a5c,,,,,,,-28,8.75,0
2026-04-27T15:27:05.047752,1130004144,!a0cb4a5c,32.3899993896484,50.6728515625,927.727172851562,,,,-29,8,0
2026-04-27T15:29:35.968050,1130004144,!a0cb4a5c,,,,,,,-29,8,0
2026-04-27T15:30:06.189940,1130004144,!a0cb4a5c,32.3899993896484,50.6494140625,927.587341308594,,,,-28,7.75,0
2026-04-27T15:32:36.178933,1130004144,!a0cb4a5c,,,,,,,-29,8,0
2026-04-27T15:33:05.484382,1130004144,!a0cb4a5c,32.4000015258789,50.5927734375,927.650939941406,,,,-28,7.25,0
2026-04-27T15:35:35.580974,1130004144,!a0cb4a5c,,,,,,,-28,8.25,0
2026-04-27T15:36:05.025101,1130004144,!a0cb4a5c,32.4099998474121,50.59375,927.590026855469,,,,-29,8.75,0
2026-04-27T15:38:35.388988,1130004144,!a0cb4a5c,,,,,,,-29,8.25,0
2026-04-27T15:39:04.950258,1130004144,!a0cb4a5c,32.4300003051758,50.560546875,927.612731933594,,,,-28,7.75,0
2026-04-27T15:41:35.893182,1130004144,!a0cb4a5c,,,,,,,-29,8.75,0
2026-04-27T15:42:05.499912,1130004144,!a0cb4a5c,32.4300003051758,50.5146484375,927.500854492188,,,,-28,8.5,0
2026-04-27T15:44:36.209588,1130004144,!a0cb4a5c,,,,,,,-28,8.75,0
2026-04-27T15:45:04.845927,1130004144,!a0cb4a5c,32.4199981689453,50.2001953125,927.577026367188,,,,-29,9,0
2026-04-27T15:47:36.231137,1130004144,!a0cb4a5c,,,,,,,-29,8.25,0
2026-04-27T15:48:05.004983,1130004144,!a0cb4a5c,32.3899993896484,49.98828125,927.50341796875,,,,-28,9,0
2026-04-27T15:50:36.035652,1130004144,!a0cb4a5c,,,,,,,-28,8.25,0
2026-04-27T15:51:04.976119,1130004144,!a0cb4a5c,32.3400001525879,50.0185546875,927.510986328125,,,,-28,8,0
2026-04-27T15:53:36.388854,1130004144,!a0cb4a5c,,,,,,,-28,6.75,0
2026-04-27T15:54:10.464108,1130004144,!a0cb4a5c,32.2999992370605,49.8974609375,927.526245117188,,,,-71,8.75,1
2026-04-27T15:56:36.273349,1130004144,!a0cb4a5c,,,,,,,-28,8.25,0
2026-04-27T15:57:05.928884,1130004144,!a0cb4a5c,32.2700004577637,49.8828125,927.432006835938,,,,-28,8.75,0
2026-04-27T15:59:35.654881,1130004144,!a0cb4a5c,,,,,,,-29,7.5,0
2026-04-27T16:00:04.954913,1130004144,!a0cb4a5c,32.2400016784668,49.798828125,927.358337402344,,,,-28,7.25,0
2026-04-27T16:02:35.427339,1130004144,!a0cb4a5c,,,,,,,-28,7.5,0
2026-04-27T16:03:05.091458,1130004144,!a0cb4a5c,32.2299995422363,49.7734375,927.370910644531,,,,-28,7,0
2026-04-27T16:05:35.726929,1130004144,!a0cb4a5c,,,,,,,-28,7.75,0
2026-04-27T16:06:05.185609,1130004144,!a0cb4a5c,32.2099990844727,49.6884765625,927.360961914062,,,,-28,6.75,0
2026-04-27T16:08:36.516521,1130004144,!a0cb4a5c,,,,,,,-28,7.25,0
2026-04-27T16:09:06.420272,1130004144,!a0cb4a5c,32.2000007629395,49.7353515625,927.353271484375,,,,-29,7.25,0
2026-04-27T16:11:36.293739,1130004144,!a0cb4a5c,,,,,,,-28,7.5,0
2026-04-27T16:12:05.393081,1130004144,!a0cb4a5c,32.189998626709,49.7578125,927.365966796875,,,,-28,7,0
2026-04-27T16:14:42.570505,1130004144,!a0cb4a5c,,,,,,,-74,7.25,1
2026-04-27T16:15:05.289022,1130004144,!a0cb4a5c,32.189998626709,49.72265625,927.449829101562,,,,-28,8.25,0
2026-04-27T16:17:35.569122,1130004144,!a0cb4a5c,,,,,,,-29,8.25,0
2026-04-27T16:18:05.824986,1130004144,!a0cb4a5c,32.1599998474121,49.7080078125,927.467407226562,,,,-28,9.25,0
2026-04-27T16:20:36.550349,1130004144,!a0cb4a5c,,,,,,,-28,9.25,0
2026-04-27T16:21:05.165312,1130004144,!a0cb4a5c,32.1500015258789,49.75390625,927.396484375,,,,-28,9,0
2026-04-27T16:23:36.132252,1130004144,!a0cb4a5c,,,,,,,-28,8.5,0
2026-04-27T16:24:05.369664,1130004144,!a0cb4a5c,32.1399993896484,49.7744140625,927.429382324219,,,,-29,8.25,0
2026-04-27T16:26:36.564842,1130004144,!a0cb4a5c,,,,,,,-28,7.75,0
2026-04-27T16:27:05.368988,1130004144,!a0cb4a5c,32.1300010681152,49.728515625,927.477661132812,,,,-29,8.5,0
2026-04-27T16:29:35.864953,1130004144,!a0cb4a5c,,,,,,,-28,7.5,0
2026-04-27T16:30:06.691575,1130004144,!a0cb4a5c,32.0999984741211,49.6669921875,927.431701660156,,,,-28,8.5,0
2026-04-27T16:32:36.233545,1130004144,!a0cb4a5c,,,,,,,-28,7.75,0
2026-04-27T16:33:05.357943,1130004144,!a0cb4a5c,32.0900001525879,49.6884765625,927.492492675781,,,,-28,9,0
2026-04-27T16:35:36.226583,1130004144,!a0cb4a5c,,,,,,,-29,8.75,0
2026-04-27T16:36:05.385783,1130004144,!a0cb4a5c,32.060001373291,49.732421875,927.454223632812,,,,-29,8.75,0
2026-04-27T16:38:35.635607,1130004144,!a0cb4a5c,,,,,,,-28,9.25,0
2026-04-27T16:39:05.455016,1130004144,!a0cb4a5c,32.0699996948242,49.7568359375,927.469543457031,,,,-29,8.5,0
2026-04-27T16:41:36.420821,1130004144,!a0cb4a5c,,,,,,,-29,9,0
2026-04-27T16:42:05.474086,1130004144,!a0cb4a5c,32.0800018310547,49.7919921875,927.512817382812,,,,-28,8,0
2026-04-27T16:44:36.677183,1130004144,!a0cb4a5c,,,,,,,-28,8,0
2026-04-27T16:45:05.471180,1130004144,!a0cb4a5c,32.0699996948242,49.7919921875,927.469543457031,,,,-28,8,0
2026-04-27T16:47:36.460873,1130004144,!a0cb4a5c,,,,,,,-28,8.25,0
2026-04-27T16:48:05.364308,1130004144,!a0cb4a5c,32.060001373291,49.7900390625,927.474853515625,,,,-28,9,0
2026-04-27T16:50:38.797929,1130004144,!a0cb4a5c,,,,,,,-73,7.75,1
2026-04-27T16:51:05.430693,1130004144,!a0cb4a5c,32.0400009155273,49.7998046875,927.395935058594,,,,-29,7.5,0
2026-04-27T16:53:36.471648,1130004144,!a0cb4a5c,,,,,,,-28,8,0
2026-04-27T16:54:05.858728,1130004144,!a0cb4a5c,32.0400009155273,49.775390625,927.388305664062,,,,-28,7.75,0
2026-04-27T16:56:35.953396,1130004144,!a0cb4a5c,,,,,,,-28,7.75,0
2026-04-27T16:57:05.876681,1130004144,!a0cb4a5c,32.0400009155273,49.7177734375,927.388305664062,,,,-29,8,0
2026-04-27T16:59:36.614590,1130004144,!a0cb4a5c,,,,,,,-28,8,0
2026-04-27T17:00:05.581673,1130004144,!a0cb4a5c,32.0099983215332,49.7138671875,927.349975585938,,,,-28,8.5,0
2026-04-27T17:02:36.756784,1130004144,!a0cb4a5c,,,,,,,-28,7.5,0
2026-04-27T17:03:05.458421,1130004144,!a0cb4a5c,32,49.7373046875,927.334899902344,,,,-28,7.75,0
2026-04-27T17:05:36.677944,1130004144,!a0cb4a5c,,,,,,,-28,7,0
2026-04-27T17:06:05.530198,1130004144,!a0cb4a5c,32,49.69140625,927.418762207031,,,,-28,7,0
2026-04-27T17:08:36.598701,1130004144,!a0cb4a5c,,,,,,,-28,7.25,0
2026-04-27T17:09:06.220211,1130004144,!a0cb4a5c,32,49.7021484375,927.327209472656,,,,-28,8.25,0
2026-04-27T17:11:35.845418,1130004144,!a0cb4a5c,,,,,,,-28,8,0
2026-04-27T17:12:05.516977,1130004144,!a0cb4a5c,31.9799995422363,49.7353515625,927.416076660156,,,,-28,8,0
2026-04-27T17:14:36.141706,1130004144,!a0cb4a5c,,,,,,,-29,9.25,0
2026-04-27T17:15:05.632001,1130004144,!a0cb4a5c,32,49.7021484375,927.550964355469,,,,-28,7.5,0
2026-04-27T17:17:35.988433,1130004144,!a0cb4a5c,,,,,,,-28,9.25,0
2026-04-27T17:18:05.553208,1130004144,!a0cb4a5c,32,49.6787109375,927.634704589844,,,,-29,8.5,0
2026-04-27T17:20:36.759754,1130004144,!a0cb4a5c,,,,,,,-29,8.75,0
2026-04-27T17:21:05.495460,1130004144,!a0cb4a5c,32,49.6904296875,927.606811523438,,,,-28,8,0
2026-04-27T17:23:36.019099,1130004144,!a0cb4a5c,,,,,,,-27,7.75,0
2026-04-27T17:24:05.636979,1130004144,!a0cb4a5c,31.9899997711182,49.654296875,927.7109375,,,,-28,7.75,0
2026-04-27T17:26:36.237186,1130004144,!a0cb4a5c,,,,,,,-28,7.75,0
2026-04-27T17:27:05.534149,1130004144,!a0cb4a5c,31.9799995422363,49.619140625,927.639709472656,,,,-29,7.75,0
2026-04-27T17:29:35.998243,1130004144,!a0cb4a5c,,,,,,,-28,7,0
2026-04-27T17:30:05.675011,1130004144,!a0cb4a5c,31.9699993133545,49.62890625,927.644714355469,,,,-29,9,0
2026-04-27T17:32:36.592941,1130004144,!a0cb4a5c,,,,,,,-28,8.5,0
2026-04-27T17:33:05.752823,1130004144,!a0cb4a5c,31.9599990844727,49.6162109375,927.609069824219,,,,-28,7,0
2026-04-27T17:33:38.240170,776564201,!a0cb4a5c,,,,,,,-73,7.25,0
2026-04-27T17:35:36.750600,1130004144,!a0cb4a5c,,,,,,,-28,7,0
2026-04-27T17:36:05.724064,1130004144,!a0cb4a5c,31.9300003051758,49.5908203125,927.583618164062,,,,-29,8.5,0
2026-04-27T17:38:37.016431,1130004144,!a0cb4a5c,,,,,,,-28,7.75,0
2026-04-27T17:39:05.835914,1130004144,!a0cb4a5c,31.9099998474121,49.623046875,927.497314453125,,,,-28,8,0
2026-04-27T17:41:36.786574,1130004144,!a0cb4a5c,,,,,,,-29,9,0
2026-04-27T17:42:05.773042,1130004144,!a0cb4a5c,31.8799991607666,49.6318359375,927.458984375,,,,-28,8.5,0
2026-04-27T17:44:36.338408,1130004144,!a0cb4a5c,,,,,,,-29,7.25,0
2026-04-27T17:45:05.822409,1130004144,!a0cb4a5c,31.8600006103516,49.6982421875,927.504821777344,,,,-28,8,0
2026-04-27T17:47:36.866712,1130004144,!a0cb4a5c,,,,,,,-29,8.5,0
2026-04-27T17:48:05.900892,1130004144,!a0cb4a5c,31.8199996948242,49.7294921875,927.507019042969,,,,-28,7,0
2026-04-27T17:50:36.273397,1130004144,!a0cb4a5c,,,,,,,-28,8,0
2026-04-27T17:51:05.858709,1130004144,!a0cb4a5c,31.8099994659424,49.7626953125,927.49169921875,,,,-28,9,0
2026-04-27T17:53:36.777068,1130004144,!a0cb4a5c,,,,,,,-28,7.25,0
2026-04-27T17:54:05.862038,1130004144,!a0cb4a5c,31.7900009155273,49.8193359375,927.545166015625,,,,-28,8.5,0
2026-04-27T17:56:36.162010,1130004144,!a0cb4a5c,,,,,,,-28,7.75,0
2026-04-27T17:57:05.873822,1130004144,!a0cb4a5c,31.75,49.861328125,927.463623046875,,,,-29,8.25,0
2026-04-27T17:59:36.182432,1130004144,!a0cb4a5c,,,,,,,-28,8.25,0
2026-04-27T18:00:05.727262,1130004144,!a0cb4a5c,31.7199993133545,49.9150390625,927.494079589844,,,,-28,8,0
2026-04-27T18:02:37.212885,1130004144,!a0cb4a5c,,,,,,,-28,6.75,0
2026-04-27T18:03:05.989654,1130004144,!a0cb4a5c,31.7000007629395,49.982421875,927.498962402344,,,,-28,7.75,0
2026-04-27T18:05:36.454825,1130004144,!a0cb4a5c,,,,,,,-28,7.75,0
2026-04-27T18:06:06.045333,1130004144,!a0cb4a5c,31.6700000762939,50.0146484375,927.565002441406,,,,-28,8,0
2026-04-27T18:08:36.658439,1130004144,!a0cb4a5c,,,,,,,-28,7.25,0
2026-04-27T18:09:06.138332,1130004144,!a0cb4a5c,31.6599998474121,50.046875,927.625793457031,,,,-28,7.75,0
2026-04-27T18:11:36.154398,1130004144,!a0cb4a5c,,,,,,,-28,8,0
2026-04-27T18:12:05.890275,1130004144,!a0cb4a5c,31.6399993896484,50.0341796875,927.71484375,,,,-28,7,0
2026-04-27T18:14:36.407144,1130004144,!a0cb4a5c,,,,,,,-28,8,0
2026-04-27T18:15:05.860778,1130004144,!a0cb4a5c,31.6200008392334,50.1005859375,927.760314941406,,,,-29,8.75,0
2026-04-27T18:17:37.335868,1130004144,!a0cb4a5c,,,,,,,-28,8.5,0
2026-04-27T18:18:05.905328,1130004144,!a0cb4a5c,31.5900001525879,50.1328125,927.714660644531,,,,-29,8.5,0
2026-04-27T18:20:36.535834,1130004144,!a0cb4a5c,,,,,,,-29,8.75,0
2026-04-27T18:21:06.151348,1130004144,!a0cb4a5c,31.5699996948242,50.2001953125,927.803344726562,,,,-28,7.75,0
2026-04-27T18:23:36.939372,1130004144,!a0cb4a5c,,,,,,,-28,8.25,0
2026-04-27T18:24:06.223380,1130004144,!a0cb4a5c,31.5599994659424,50.291015625,927.780029296875,,,,-28,8.75,0
2026-04-27T18:26:36.392563,1130004144,!a0cb4a5c,,,,,,,-28,8.25,0
2026-04-27T18:27:07.066848,1130004144,!a0cb4a5c,31.5599994659424,50.3369140625,927.863891601562,,,,-29,8.25,0
2026-04-27T18:29:36.818986,1130004144,!a0cb4a5c,,,,,,,-29,8.5,0
2026-04-27T18:30:06.022370,1130004144,!a0cb4a5c,31.5300006866455,50.4150390625,927.846069335938,,,,-28,8.5,0
2026-04-27T18:32:36.456452,1130004144,!a0cb4a5c,,,,,,,-29,8,0
2026-04-27T18:33:05.991777,1130004144,!a0cb4a5c,31.5200004577637,50.4716796875,927.858642578125,,,,-29,8.75,0
2026-04-27T18:35:37.101786,1130004144,!a0cb4a5c,,,,,,,-29,8.25,0
2026-04-27T18:36:06.330386,1130004144,!a0cb4a5c,31.5,50.52734375,927.863586425781,,,,-28,8.75,0
2026-04-27T18:38:37.360849,1130004144,!a0cb4a5c,,,,,,,-28,9,0
2026-04-27T18:39:06.082491,1130004144,!a0cb4a5c,31.4899997711182,50.619140625,927.840881347656,,,,-28,8,0
2026-04-27T18:41:36.456995,1130004144,!a0cb4a5c,,,,,,,-29,9,0
2026-04-27T18:42:06.351163,1130004144,!a0cb4a5c,31.4699993133545,50.6748046875,927.789916992188,,,,-29,8.5,0
2026-04-27T18:44:37.004621,1130004144,!a0cb4a5c,,,,,,,-29,9.5,0
2026-04-27T18:45:06.246481,1130004144,!a0cb4a5c,31.4599990844727,50.7900390625,927.858337402344,,,,-28,8,0
2026-04-27T18:47:36.460465,1130004144,!a0cb4a5c,,,,,,,-28,8.75,0
2026-04-27T18:48:06.136765,1130004144,!a0cb4a5c,31.4500007629395,50.857421875,927.947021484375,,,,-28,8,0
2026-04-27T18:50:37.108811,1130004144,!a0cb4a5c,,,,,,,-28,9,0
2026-04-27T18:51:06.187290,1130004144,!a0cb4a5c,31.4500007629395,50.9150390625,927.974975585938,,,,-28,8.25,0
2026-04-27T18:53:37.101536,1130004144,!a0cb4a5c,,,,,,,-29,9.5,0
2026-04-27T18:54:06.349536,1130004144,!a0cb4a5c,31.4500007629395,50.99609375,928.058776855469,,,,-28,9,0
2026-04-27T18:56:36.634552,1130004144,!a0cb4a5c,,,,,,,-29,7.5,0
2026-04-27T18:57:06.178174,1130004144,!a0cb4a5c,31.4300003051758,51.0634765625,927.980163574219,,,,-28,8,0
2026-04-27T18:59:37.332007,1130004144,!a0cb4a5c,,,,,,,-28,6.75,0
2026-04-27T19:00:06.136337,1130004144,!a0cb4a5c,31.4300003051758,51.1103515625,928.036071777344,,,,-28,7.75,0
2026-04-27T19:02:37.416960,1130004144,!a0cb4a5c,,,,,,,-29,8.75,0
2026-04-27T19:03:06.236104,1130004144,!a0cb4a5c,31.4400005340576,51.1923828125,928.043762207031,,,,-29,9,0
2026-04-27T19:05:36.544878,1130004144,!a0cb4a5c,,,,,,,-29,7.5,0
2026-04-27T19:06:07.082820,1130004144,!a0cb4a5c,31.4200000762939,51.2822265625,928.040954589844,,,,-28,8.25,0
2026-04-27T19:08:37.309423,1130004144,!a0cb4a5c,,,,,,,-29,8.75,0
2026-04-27T19:09:06.522683,1130004144,!a0cb4a5c,31.4300003051758,51.3642578125,928.084228515625,,,,-28,8.75,0
2026-04-27T19:11:36.484033,1130004144,!a0cb4a5c,,,,,,,-28,8.25,0
2026-04-27T19:12:06.207296,1130004144,!a0cb4a5c,31.4200000762939,51.4443359375,928.124755859375,,,,-28,7.75,0
2026-04-27T19:14:36.498740,1130004144,!a0cb4a5c,,,,,,,-28,7,0
2026-04-27T19:15:06.592890,1130004144,!a0cb4a5c,31.4099998474121,51.5361328125,928.172973632812,,,,-29,9,0
2026-04-27T19:17:36.869111,1130004144,!a0cb4a5c,,,,,,,-28,8.75,0
2026-04-27T19:18:06.250652,1130004144,!a0cb4a5c,31.3999996185303,51.59375,928.241394042969,,,,-28,8.75,0
2026-04-27T19:20:37.351391,1130004144,!a0cb4a5c,,,,,,,-28,8,0
2026-04-27T19:21:06.441532,1130004144,!a0cb4a5c,31.3999996185303,51.697265625,928.261657714844,,,,-29,8.5,0
2026-04-27T19:23:37.463286,1130004144,!a0cb4a5c,,,,,,,-29,8.5,0
2026-04-27T19:24:06.280314,1130004144,!a0cb4a5c,31.3899993896484,51.7890625,928.337951660156,,,,-29,7.75,0
2026-04-27T19:26:36.754255,1130004144,!a0cb4a5c,,,,,,,-29,8,0
2026-04-27T19:27:06.298651,1130004144,!a0cb4a5c,31.3700008392334,51.9365234375,928.363220214844,,,,-28,8.5,0
2026-04-27T19:29:36.825550,1130004144,!a0cb4a5c,,,,,,,-28,8.25,0
2026-04-27T19:30:06.457319,1130004144,!a0cb4a5c,31.3600006103516,52.0517578125,928.375793457031,,,,-28,8.25,0
2026-04-27T19:32:36.691638,1130004144,!a0cb4a5c,,,,,,,-28,8.25,0
2026-04-27T19:33:06.952702,1130004144,!a0cb4a5c,31.3400001525879,52.1767578125,928.408569335938,,,,-28,8,0
2026-04-27T19:35:37.649076,1130004144,!a0cb4a5c,,,,,,,-29,7.5,0
2026-04-27T19:36:06.532675,1130004144,!a0cb4a5c,31.3199996948242,52.3017578125,928.322326660156,,,,-28,8.75,0
2026-04-27T19:38:37.561233,1130004144,!a0cb4a5c,,,,,,,-28,8.5,0
2026-04-27T19:39:06.694616,1130004144,!a0cb4a5c,31.3199996948242,52.439453125,928.3984375,,,,-28,7,0
2026-04-27T19:41:36.645810,1130004144,!a0cb4a5c,,,,,,,-28,9,0
2026-04-27T19:42:06.626946,1130004144,!a0cb4a5c,31.3099994659424,52.6123046875,928.57861328125,,,,-28,8.25,0
2026-04-27T19:44:37.735809,1130004144,!a0cb4a5c,,,,,,,-28,9,0
2026-04-27T19:45:11.936124,1130004144,!a0cb4a5c,31.2900009155273,52.7734375,928.583435058594,,,,-72,7.5,1
2026-04-27T19:47:37.451820,1130004144,!a0cb4a5c,,,,,,,-29,8.25,0
2026-04-27T19:48:07.088011,1130004144,!a0cb4a5c,31.2600002288818,53.0458984375,928.565612792969,,,,-28,8.5,0
2026-04-27T19:50:36.979130,1130004144,!a0cb4a5c,,,,,,,-28,9,0
2026-04-27T19:51:06.528220,1130004144,!a0cb4a5c,31.2099990844727,53.318359375,928.50927734375,,,,-28,9,0
2026-04-27T19:53:37.478400,1130004144,!a0cb4a5c,,,,,,,-29,8.25,0
2026-04-27T19:54:06.651465,1130004144,!a0cb4a5c,31.1800003051758,53.53515625,928.499145507812,,,,-28,8.5,0
2026-04-27T19:56:37.833005,1130004144,!a0cb4a5c,,,,,,,-29,7.75,0
2026-04-27T19:57:06.808702,1130004144,!a0cb4a5c,31.1700000762939,53.7294921875,928.567504882812,,,,-29,8.25,0
2026-04-27T19:59:37.027637,1130004144,!a0cb4a5c,,,,,,,-29,8.25,0
2026-04-27T20:00:07.306624,1130004144,!a0cb4a5c,31.1599998474121,53.87890625,928.656188964844,,,,-29,7,0
2026-04-27T20:02:37.895127,1130004144,!a0cb4a5c,,,,,,,-28,7,0
2026-04-27T20:03:06.892459,1130004144,!a0cb4a5c,31.1499996185303,54.0625,928.696655273438,,,,-29,8.75,0
2026-04-27T20:05:44.055995,1130004144,!a0cb4a5c,,,,,,,-73,7.5,1
2026-04-27T20:06:06.558346,1130004144,!a0cb4a5c,31.1299991607666,54.2568359375,928.701782226562,,,,-28,8.75,0
2026-04-27T20:08:37.466688,1130004144,!a0cb4a5c,,,,,,,-28,9,0
2026-04-27T20:09:06.909042,1130004144,!a0cb4a5c,31.1200008392334,54.4287109375,928.770141601562,,,,-28,8.5,0
2026-04-27T20:11:37.483366,1130004144,!a0cb4a5c,,,,,,,-28,9,0
2026-04-27T20:12:06.593841,1130004144,!a0cb4a5c,31.1000003814697,54.5419921875,928.711547851562,,,,-28,8.75,0
2026-04-27T20:14:38.244001,1130004144,!a0cb4a5c,,,,,,,-28,8.25,0
2026-04-27T20:15:06.784944,1130004144,!a0cb4a5c,31.0699996948242,54.6884765625,928.861145019531,,,,-28,8.75,0
2026-04-27T20:17:37.512155,1130004144,!a0cb4a5c,,,,,,,-28,8.75,0
2026-04-27T20:18:06.803422,1130004144,!a0cb4a5c,31.0599994659424,54.8037109375,928.873779296875,,,,-28,7.75,0
2026-04-27T20:20:37.012498,1130004144,!a0cb4a5c,,,,,,,-28,9.25,0
2026-04-27T20:21:08.166120,1130004144,!a0cb4a5c,31.0300006866455,54.9609375,928.883728027344,,,,-28,8.5,0
2026-04-27T20:23:36.872220,1130004144,!a0cb4a5c,,,,,,,-29,8.5,0
2026-04-27T20:24:06.650267,1130004144,!a0cb4a5c,31.0200004577637,55.0517578125,928.924194335938,,,,-28,8.25,0
2026-04-27T20:26:37.560640,1130004144,!a0cb4a5c,,,,,,,-28,8.25,0
2026-04-27T20:27:06.991596,1130004144,!a0cb4a5c,31,55.2109375,928.941223144531,,,,-28,7,0
2026-04-27T20:29:37.020401,1130004144,!a0cb4a5c,,,,,,,-29,8.5,0
2026-04-27T20:30:06.732827,1130004144,!a0cb4a5c,30.9799995422363,55.3017578125,929.05810546875,,,,-28,9.25,0
2026-04-27T20:32:37.698996,1130004144,!a0cb4a5c,,,,,,,-28,8.75,0
2026-04-27T20:33:06.712367,1130004144,!a0cb4a5c,30.9699993133545,55.4150390625,929.154357910156,,,,-28,8,0
2026-04-27T20:35:37.101853,1130004144,!a0cb4a5c,,,,,,,-28,8.75,0
2026-04-27T20:36:07.653427,1130004144,!a0cb4a5c,30.9500007629395,55.5625,929.095703125,,,,-28,8.75,0
2026-04-27T20:38:37.889980,1130004144,!a0cb4a5c,,,,,,,-28,7.5,0
2026-04-27T20:39:06.900789,1130004144,!a0cb4a5c,30.9200000762939,55.6865234375,928.938293457031,,,,-28,9,0
2026-04-27T20:41:40.284134,1130004144,!a0cb4a5c,,,,,,,-72,7.75,1
2026-04-27T20:42:06.822416,1130004144,!a0cb4a5c,30.8999996185303,55.810546875,929.130798339844,,,,-28,8.75,0
2026-04-27T20:44:37.523385,1130004144,!a0cb4a5c,,,,,,,-28,8.75,0
2026-04-27T20:45:07.118761,1130004144,!a0cb4a5c,30.8799991607666,55.947265625,929.163513183594,,,,-28,7.5,0
2026-04-27T20:47:37.341119,1130004144,!a0cb4a5c,,,,,,,-28,8,0
2026-04-27T20:48:06.928141,1130004144,!a0cb4a5c,30.8700008392334,56.0732421875,929.120544433594,,,,-29,8,0
2026-04-27T20:50:38.028278,1130004144,!a0cb4a5c,,,,,,,-28,9.5,0
2026-04-27T20:51:07.575119,1130004144,!a0cb4a5c,30.8600006103516,56.220703125,929.097473144531,,,,-29,9.25,0
2026-04-27T20:53:38.283530,1130004144,!a0cb4a5c,,,,,,,-28,8.75,0
2026-04-27T20:54:06.926419,1130004144,!a0cb4a5c,30.8299999237061,56.3115234375,929.170654296875,,,,-28,9,0
2026-04-27T20:56:37.825942,1130004144,!a0cb4a5c,,,,,,,-29,8.5,0
2026-04-27T20:57:06.854399,1130004144,!a0cb4a5c,30.8099994659424,56.4248046875,929.196044921875,,,,-29,9.25,0
2026-04-27T20:59:37.796554,1130004144,!a0cb4a5c,,,,,,,-29,8.5,0
2026-04-27T21:00:07.017571,1130004144,!a0cb4a5c,30.7999992370605,56.548828125,929.340393066406,,,,-29,8.5,0
2026-04-27T21:02:37.868234,1130004144,!a0cb4a5c,,,,,,,-28,7,0
2026-04-27T21:03:07.802534,1130004144,!a0cb4a5c,30.7600002288818,56.5908203125,929.3984375,,,,-29,8.75,0
2026-04-27T21:05:37.831997,1130004144,!a0cb4a5c,,,,,,,-29,8,0
2026-04-27T21:06:07.255831,1130004144,!a0cb4a5c,30.7399997711182,56.6689453125,929.423461914062,,,,-28,8.5,0
2026-04-27T21:08:37.369786,1130004144,!a0cb4a5c,,,,,,,-29,8.25,0
2026-04-27T21:09:07.644373,1130004144,!a0cb4a5c,30.7199993133545,56.736328125,929.337158203125,,,,-29,8.25,0
2026-04-27T21:11:38.159048,1130004144,!a0cb4a5c,,,,,,,-29,8.5,0
2026-04-27T21:12:07.086698,1130004144,!a0cb4a5c,30.7000007629395,56.84765625,929.410339355469,,,,-28,8.5,0
2026-04-27T21:14:38.125595,1130004144,!a0cb4a5c,,,,,,,-30,8.75,0
2026-04-27T21:15:06.996335,1130004144,!a0cb4a5c,30.6800003051758,56.8916015625,929.526794433594,,,,-29,7.75,0
2026-04-27T21:17:38.044375,1130004144,!a0cb4a5c,,,,,,,-29,8.25,0
2026-04-27T21:18:07.110496,1130004144,!a0cb4a5c,30.6599998474121,56.970703125,929.552124023438,,,,-28,7.75,0
2026-04-27T21:20:38.076930,1130004144,!a0cb4a5c,,,,,,,-29,9,0
2026-04-27T21:21:07.176746,1130004144,!a0cb4a5c,30.6299991607666,57.0693359375,929.589660644531,,,,-28,8.5,0
2026-04-27T21:23:38.028510,1130004144,!a0cb4a5c,,,,,,,-29,7,0
2026-04-27T21:24:07.611971,1130004144,!a0cb4a5c,30.6100006103516,57.1826171875,929.802490234375,,,,-29,8.25,0
2026-04-27T21:26:38.192379,1130004144,!a0cb4a5c,,,,,,,-28,8.5,0
2026-04-27T21:27:07.344084,1130004144,!a0cb4a5c,30.5799999237061,57.236328125,929.812194824219,,,,-28,8.25,0
2026-04-27T21:29:37.873419,1130004144,!a0cb4a5c,,,,,,,-29,8.75,0
2026-04-27T21:30:07.050808,1130004144,!a0cb4a5c,30.5400009155273,57.32421875,929.870178222656,,,,-29,8,0
2026-04-27T21:32:37.260455,1130004144,!a0cb4a5c,,,,,,,-29,8.75,0
2026-04-27T21:33:07.079134,1130004144,!a0cb4a5c,30.4899997711182,57.4111328125,929.829040527344,,,,-29,8.75,0
2026-04-27T21:35:38.381993,1130004144,!a0cb4a5c,,,,,,,-29,9,0
2026-04-27T21:36:07.142793,1130004144,!a0cb4a5c,30.4699993133545,57.5,929.846740722656,,,,-29,7.75,0
2026-04-27T21:38:38.020323,1130004144,!a0cb4a5c,,,,,,,-29,8.5,0
2026-04-27T21:39:07.213974,1130004144,!a0cb4a5c,30.4300003051758,57.564453125,929.756896972656,,,,-28,7.25,0
2026-04-27T21:41:38.308718,1130004144,!a0cb4a5c,,,,,,,-29,7.75,0
2026-04-27T21:42:07.852732,1130004144,!a0cb4a5c,30.3899993896484,57.6513671875,929.87060546875,,,,-28,8.25,0
2026-04-27T21:44:37.610778,1130004144,!a0cb4a5c,,,,,,,-28,6.75,0
2026-04-27T21:45:07.474665,1130004144,!a0cb4a5c,30.3600006103516,57.728515625,929.992126464844,,,,-28,8,0
2026-04-27T21:47:38.144309,1130004144,!a0cb4a5c,,,,,,,-29,8.5,0
2026-04-27T21:48:07.311885,1130004144,!a0cb4a5c,30.3299999237061,57.8046875,930.021850585938,,,,-29,8.25,0
2026-04-27T21:50:37.391810,1130004144,!a0cb4a5c,,,,,,,-29,7.25,0
2026-04-27T21:51:07.190329,1130004144,!a0cb4a5c,30.3099994659424,57.89453125,930.102905273438,,,,-29,8.75,0
2026-04-27T21:53:38.192125,1130004144,!a0cb4a5c,,,,,,,-28,7.25,0
2026-04-27T21:54:07.200306,1130004144,!a0cb4a5c,30.2800006866455,57.9482421875,930.140319824219,,,,-29,9,0
2026-04-27T21:56:38.194785,1130004144,!a0cb4a5c,,,,,,,-28,8.25,0
2026-04-27T21:57:07.232391,1130004144,!a0cb4a5c,30.2600002288818,58.048828125,930.165649414062,,,,-28,8.5,0
2026-04-27T21:59:38.064702,1130004144,!a0cb4a5c,,,,,,,-29,7.25,0
2026-04-27T22:00:07.480990,1130004144,!a0cb4a5c,30.2600002288818,58.15234375,930.165649414062,,,,-28,8.75,0
2026-04-27T22:02:37.788528,1130004144,!a0cb4a5c,,,,,,,-28,8,0
2026-04-27T22:03:07.505452,1130004144,!a0cb4a5c,30.25,58.2548828125,930.178100585938,,,,-29,9.5,0
2026-04-27T22:05:38.245048,1130004144,!a0cb4a5c,,,,,,,-29,8.75,0
2026-04-27T22:06:07.381591,1130004144,!a0cb4a5c,30.2399997711182,58.3232421875,930.246337890625,,,,-28,8.5,0
2026-04-27T22:08:38.394410,1130004144,!a0cb4a5c,,,,,,,-29,8,0
2026-04-27T22:09:07.381476,1130004144,!a0cb4a5c,30.2399997711182,58.392578125,930.246337890625,,,,-29,8.25,0
2026-04-27T22:11:38.320543,1130004144,!a0cb4a5c,,,,,,,-29,8,0
2026-04-27T22:12:07.360442,1130004144,!a0cb4a5c,30.2299995422363,58.470703125,930.28662109375,,,,-29,9.25,0
2026-04-27T22:14:38.354160,1130004144,!a0cb4a5c,,,,,,,-29,8.25,0
2026-04-27T22:15:07.324901,1130004144,!a0cb4a5c,30.2299995422363,58.5400390625,930.28662109375,,,,-29,7.75,0
2026-04-27T22:17:37.550816,1130004144,!a0cb4a5c,,,,,,,-29,9.25,0
2026-04-27T22:18:07.580292,1130004144,!a0cb4a5c,30.2199993133545,58.5859375,930.251098632812,,,,-28,8.25,0
2026-04-27T22:20:37.883871,1130004144,!a0cb4a5c,,,,,,,-29,7.75,0
2026-04-27T22:21:07.470429,1130004144,!a0cb4a5c,30.2000007629395,58.6298828125,930.276306152344,,,,-30,9,0
2026-04-27T22:23:38.336264,1130004144,!a0cb4a5c,,,,,,,-29,8,0
2026-04-27T22:24:07.434193,1130004144,!a0cb4a5c,30.1900005340576,58.6748046875,930.400329589844,,,,-29,8.5,0
2026-04-27T22:26:37.875343,1130004144,!a0cb4a5c,,,,,,,-28,8.25,0
2026-04-27T22:27:07.596915,1130004144,!a0cb4a5c,30.1700000762939,58.728515625,930.333923339844,,,,-29,7.5,0
2026-04-27T22:29:37.610103,1130004144,!a0cb4a5c,,,,,,,-28,7.25,0
2026-04-27T22:30:07.614653,1130004144,!a0cb4a5c,30.1599998474121,58.7626953125,930.354370117188,,,,-28,8.75,0
2026-04-27T22:32:38.300550,1130004144,!a0cb4a5c,,,,,,,-28,8.5,0
2026-04-27T22:33:07.783510,1130004144,!a0cb4a5c,30.1399993896484,58.8173828125,930.371643066406,,,,-28,8.5,0
2026-04-27T22:35:38.412659,1130004144,!a0cb4a5c,,,,,,,-28,9,0
2026-04-27T22:36:07.602886,1130004144,!a0cb4a5c,30.1200008392334,58.8955078125,930.368774414062,,,,-28,7.5,0
2026-04-27T22:38:38.400651,1130004144,!a0cb4a5c,,,,,,,-29,7.5,0
2026-04-27T22:39:07.621633,1130004144,!a0cb4a5c,30.1200008392334,58.9638671875,930.396545410156,,,,-29,8.25,0
2026-04-27T22:41:38.300503,1130004144,!a0cb4a5c,,,,,,,-29,8.75,0
2026-04-27T22:42:07.785425,1130004144,!a0cb4a5c,30.1200008392334,59.0107421875,930.515808105469,,,,-29,8.25,0
2026-04-27T22:44:38.412962,1130004144,!a0cb4a5c,,,,,,,-29,8.5,0
2026-04-27T22:45:08.111771,1130004144,!a0cb4a5c,30.1200008392334,59.056640625,930.535949707031,,,,-28,8.25,0
2026-04-27T22:47:38.477149,1130004144,!a0cb4a5c,,,,,,,-30,8.25,0
2026-04-27T22:48:07.763665,1130004144,!a0cb4a5c,30.1299991607666,59.1142578125,930.635009765625,,,,-28,9,0
2026-04-27T22:50:38.008888,1130004144,!a0cb4a5c,,,,,,,-29,8.25,0
2026-04-27T22:51:08.140013,1130004144,!a0cb4a5c,30.1100006103516,59.123046875,930.548767089844,,,,-29,8.5,0
2026-04-27T22:53:37.882047,1130004144,!a0cb4a5c,,,,,,,-29,8.5,0
2026-04-27T22:54:08.360342,1130004144,!a0cb4a5c,30.1000003814697,59.134765625,930.596740722656,,,,-29,9,0
2026-04-27T22:56:38.573795,1130004144,!a0cb4a5c,,,,,,,-28,7.75,0
2026-04-27T22:57:07.875413,1130004144,!a0cb4a5c,30.0799999237061,59.1435546875,930.62939453125,,,,-28,8,0
2026-04-27T22:59:38.323863,1130004144,!a0cb4a5c,,,,,,,-28,8.5,0
2026-04-27T23:00:07.663772,1130004144,!a0cb4a5c,30.0599994659424,59.208984375,930.563293457031,,,,-29,8.75,0
2026-04-27T23:02:38.488429,1130004144,!a0cb4a5c,,,,,,,-29,8.5,0
2026-04-27T23:03:07.767798,1130004144,!a0cb4a5c,30.0400009155273,59.27734375,930.567993164062,,,,-28,8.25,0
2026-04-27T23:05:38.675816,1130004144,!a0cb4a5c,,,,,,,-29,8.5,0
2026-04-27T23:06:08.378121,1130004144,!a0cb4a5c,30.0200004577637,59.28515625,930.501647949219,,,,-29,7.75,0
2026-04-27T23:08:38.563272,1130004144,!a0cb4a5c,,,,,,,-29,8.75,0
2026-04-27T23:09:07.901307,1130004144,!a0cb4a5c,29.9899997711182,59.2939453125,930.463439941406,,,,-29,7.75,0
2026-04-27T23:11:38.901922,1130004144,!a0cb4a5c,,,,,,,-29,7.75,0
2026-04-27T23:12:07.784367,1130004144,!a0cb4a5c,29.9599990844727,59.3466796875,930.361389160156,,,,-29,7.25,0
2026-04-27T23:14:38.787313,1130004144,!a0cb4a5c,,,,,,,-29,8.75,0
2026-04-27T23:15:07.709051,1130004144,!a0cb4a5c,29.9400005340576,59.4599609375,930.330932617188,,,,-28,7.5,0
2026-04-27T23:17:38.593724,1130004144,!a0cb4a5c,,,,,,,-29,8,0
2026-04-27T23:18:07.763836,1130004144,!a0cb4a5c,29.9400005340576,59.5048828125,930.323181152344,,,,-29,9.25,0
2026-04-27T23:20:38.626326,1130004144,!a0cb4a5c,,,,,,,-28,8.25,0
2026-04-27T23:21:08.121907,1130004144,!a0cb4a5c,29.9200000762939,59.5029296875,930.216552734375,,,,-29,8,0
2026-04-27T23:23:38.724508,1130004144,!a0cb4a5c,,,,,,,-28,9,0
2026-04-27T23:24:08.436884,1130004144,!a0cb4a5c,29.8899993896484,59.544921875,930.226318359375,,,,-29,8.25,0
2026-04-27T23:26:38.467739,1130004144,!a0cb4a5c,,,,,,,-29,9,0
2026-04-27T23:27:08.011584,1130004144,!a0cb4a5c,29.8700008392334,59.623046875,930.250915527344,,,,-28,8.75,0
2026-04-27T23:29:38.126937,1130004144,!a0cb4a5c,,,,,,,-28,7.25,0
2026-04-27T23:30:07.943335,1130004144,!a0cb4a5c,29.8400001525879,59.640625,930.16943359375,,,,-28,7,0
2026-04-27T23:32:38.964382,1130004144,!a0cb4a5c,,,,,,,-29,8.25,0
2026-04-27T23:33:07.967843,1130004144,!a0cb4a5c,29.8199996948242,59.697265625,930.229919433594,,,,-29,8,0
2026-04-27T23:35:38.508681,1130004144,!a0cb4a5c,,,,,,,-28,7.5,0
2026-04-27T23:36:13.412487,1130004144,!a0cb4a5c,29.7800006866455,59.7373046875,930.216552734375,,,,-73,7.5,1
2026-04-27T23:38:38.810208,1130004144,!a0cb4a5c,,,,,,,-29,8.25,0
2026-04-27T23:39:08.004544,1130004144,!a0cb4a5c,29.7399997711182,59.7548828125,930.218688964844,,,,-28,9,0
2026-04-27T23:41:38.312275,1130004144,!a0cb4a5c,,,,,,,-29,8.25,0
2026-04-27T23:42:07.920084,1130004144,!a0cb4a5c,29.7099990844727,59.8310546875,930.256103515625,,,,-29,8.25,0
2026-04-27T23:44:38.668547,1130004144,!a0cb4a5c,,,,,,,-29,8,0
2026-04-27T23:45:08.035811,1130004144,!a0cb4a5c,29.6800003051758,59.9189453125,930.285949707031,,,,-28,8.25,0
2026-04-27T23:47:39.114086,1130004144,!a0cb4a5c,,,,,,,-28,7.25,0
2026-04-27T23:48:08.101032,1130004144,!a0cb4a5c,29.6599998474121,59.939453125,930.234985351562,,,,-29,8.5,0
2026-04-27T23:50:38.794896,1130004144,!a0cb4a5c,,,,,,,-29,6.75,0
2026-04-27T23:51:08.087288,1130004144,!a0cb4a5c,29.6200008392334,59.935546875,930.209228515625,,,,-29,8.75,0
2026-04-27T23:53:38.310831,1130004144,!a0cb4a5c,,,,,,,-28,8.25,0
2026-04-27T23:54:08.089682,1130004144,!a0cb4a5c,29.5799999237061,59.9189453125,930.20361328125,,,,-29,8.5,0
2026-04-27T23:56:45.530342,1130004144,!a0cb4a5c,,,,,,,-72,7.75,1
2026-04-27T23:57:08.098356,1130004144,!a0cb4a5c,29.5300006866455,59.9130859375,930.321716308594,,,,-28,7.5,0
2026-04-27T23:59:38.438717,1130004144,!a0cb4a5c,,,,,,,-29,8.5,0
2026-04-28T00:00:08.173268,1130004144,!a0cb4a5c,29.4699993133545,59.92578125,930.285217285156,,,,-29,8.5,0
2026-04-28T00:02:38.890745,1130004144,!a0cb4a5c,,,,,,,-29,8.25,0
2026-04-28T00:03:08.047251,1130004144,!a0cb4a5c,29.4200000762939,59.919921875,930.451354980469,,,,-29,7.5,0
2026-04-28T00:05:39.050616,1130004144,!a0cb4a5c,,,,,,,-29,7.75,0
2026-04-28T00:06:08.747560,1130004144,!a0cb4a5c,29.3799991607666,59.9140625,930.473510742188,,,,-29,8.5,0
2026-04-28T00:08:38.876617,1130004144,!a0cb4a5c,,,,,,,-28,8.5,0
2026-04-28T00:09:08.675455,1130004144,!a0cb4a5c,29.3099994659424,59.939453125,930.401428222656,,,,-28,8,0
2026-04-28T00:11:38.230827,1130004144,!a0cb4a5c,,,,,,,-29,8.25,0
2026-04-28T00:12:09.641112,1130004144,!a0cb4a5c,29.2399997711182,59.919921875,930.356872558594,,,,-30,7.75,0
2026-04-28T00:14:39.052543,1130004144,!a0cb4a5c,,,,,,,-29,7,0
2026-04-28T00:15:08.216047,1130004144,!a0cb4a5c,29.1700000762939,59.9560546875,930.325317382812,,,,-28,7.5,0
2026-04-28T00:17:39.157295,1130004144,!a0cb4a5c,,,,,,,-29,8.25,0
2026-04-28T00:18:08.144185,1130004144,!a0cb4a5c,29.1000003814697,59.98046875,930.329040527344,,,,-29,8,0
2026-04-28T00:20:38.503929,1130004144,!a0cb4a5c,,,,,,,-29,7.25,0
2026-04-28T00:21:09.001392,1130004144,!a0cb4a5c,29.0400009155273,60.0888671875,930.216735839844,,,,-30,8.25,0
2026-04-28T00:23:38.444606,1130004144,!a0cb4a5c,,,,,,,-29,8,0
2026-04-28T00:24:08.283359,1130004144,!a0cb4a5c,29,60.15234375,930.155334472656,,,,-29,8,0
2026-04-28T00:26:38.360151,1130004144,!a0cb4a5c,,,,,,,-29,8,0
2026-04-28T00:27:09.163222,1130004144,!a0cb4a5c,28.9699993133545,60.123046875,930.185180664062,,,,-28,8.75,0
2026-04-28T00:29:39.054665,1130004144,!a0cb4a5c,,,,,,,-29,8.25,0
2026-04-28T00:30:08.447859,1130004144,!a0cb4a5c,28.9500007629395,60.0634765625,930.154296875,,,,-28,8.5,0
2026-04-28T00:32:41.759958,1130004144,!a0cb4a5c,,,,,,,-73,7.75,1
2026-04-28T00:33:08.380142,1130004144,!a0cb4a5c,28.9300003051758,60.095703125,929.984680175781,,,,-29,7.75,0
2026-04-28T00:35:39.058842,1130004144,!a0cb4a5c,,,,,,,-29,8.25,0
2026-04-28T00:36:08.208007,1130004144,!a0cb4a5c,28.9300003051758,60.0498046875,929.984680175781,,,,-28,8.25,0
2026-04-28T00:38:38.665588,1130004144,!a0cb4a5c,,,,,,,-28,7.75,0
2026-04-28T00:39:08.373100,1130004144,!a0cb4a5c,28.8999996185303,59.88671875,929.862670898438,,,,-29,8.5,0
2026-04-28T00:41:38.441354,1130004144,!a0cb4a5c,,,,,,,-29,8.5,0
2026-04-28T00:42:08.455582,1130004144,!a0cb4a5c,28.8799991607666,59.8154296875,929.720764160156,,,,-29,8.5,0
2026-04-28T00:44:39.005247,1130004144,!a0cb4a5c,,,,,,,-29,7,0
2026-04-28T00:45:08.553314,1130004144,!a0cb4a5c,28.8500003814697,59.6826171875,929.694702148438,,,,-28,8,0
